Customer_ID,Purchase_Frequency,Recency,Spending,Product_Diversity,Discount_Usage
CUST0001,31,9,11590.93,8.0,57.0
CUST0002,2,174,2807.72,5.0,65.7
CUST0003,3,39,24897.2,4.0,22.0
CUST0004,43,25,3530.82,8.0,83.2
CUST0005,28,13,18874.73,12.0,45.0
CUST0006,17,3,16062.5,12.0,30.5
CUST0007,16,10,16199.74,16.0,14.5
CUST0008,3,104,4247.42,5.0,45.4
CUST0009,18,32,3998.36,8.0,80.9
CUST0010,4,79,16869.84,4.0,29.8
CUST0011,16,27,13918.47,14.0,36.4
CUST0012,5,73,3177.09,2.0,75.3
CUST0013,7,97,3743.74,2.0,64.5
CUST0014,29,27,9609.06,8.0,60.7
CUST0015,34,38,11405.36,12.0,43.6
CUST0016,31,5,9272.13,9.0,40.7
CUST0017,31,10,9781.69,7.0,34.8
CUST0018,28,11,3518.66,5.0,71.5
CUST0019,40,16,2898.75,3.0,85.9
CUST0020,17,27,10572.88,7.0,47.1
CUST0021,36,19,3496.76,4.0,57.1
CUST0022,17,1,22181.25,12.0,26.1
CUST0023,28,34,8675.75,14.0,24.2
CUST0024,29,22,7698.91,13.0,59.3
CUST0025,33,17,4851.35,3.0,73.9
CUST0026,4,138,2755.56,7.0,53.5
CUST0027,28,26,9922.6,7.0,53.6
CUST0028,31,7,5597.11,5.0,85.8
CUST0029,31,18,5523.79,9.0,54.2
CUST0030,16,28,8173.01,17.0,29.7
CUST0031,34,22,3226.78,3.0,63.7
CUST0032,15,10,16596.84,10.0,32.7
CUST0033,29,15,24251.25,15.0,30.5
CUST0034,3,101,4166.77,1.0,51.9
CUST0035,4,85,1801.76,3.0,84.3
CUST0036,5,92,4214.48,5.0,40.1
CUST0037,20,6,8068.59,,60.4
CUST0038,14,19,16051.5,15.0,34.4
CUST0039,9,124,19869.83,7.0,5.2
CUST0040,39,30,4907.87,8.0,76.7
CUST0041,13,15,11015.35,19.0,17.2
CUST0042,43,4,6616.7,5.0,58.0
CUST0043,28,12,19038.89,13.0,30.3
CUST0044,4,136,2414.82,3.0,64.7
CUST0045,20,10,13893.42,7.0,34.5
CUST0046,3,113,28919.96,4.0,11.2
CUST0047,23,17,9342.32,11.0,38.5
CUST0048,34,5,2976.18,8.0,79.8
CUST0049,35,14,3491.59,3.0,79.6
CUST0050,22,11,6767.95,14.0,53.8
CUST0051,3,144,2811.5,6.0,61.2
CUST0052,5,118,15596.28,13.0,22.7
CUST0053,8,131,1054.25,3.0,66.2
CUST0054,1,82,2290.3,7.0,60.1
CUST0055,42,17,3760.82,8.0,52.7
CUST0056,8,110,4487.73,7.0,40.8
CUST0057,17,3,12085.66,11.0,37.8
CUST0058,15,30,12016.26,12.0,45.8
CUST0059,17,25,13634.44,14.0,15.0
CUST0060,18,22,7702.6,7.0,54.3
CUST0061,24,33,9691.48,9.0,40.6
CUST0062,34,15,7415.85,13.0,26.7
CUST0063,4,135,5096.53,2.0,47.6
CUST0064,19,20,13898.5,15.0,35.4
CUST0065,20,8,5805.19,15.0,46.4
CUST0066,35,25,3394.94,3.0,50.7
CUST0067,22,12,22819.88,17.0,12.4
CUST0068,3,88,4306.91,6.0,81.7
CUST0069,22,23,16682.91,17.0,39.4
CUST0070,6,146,2935.66,1.0,51.6
CUST0071,7,84,21688.83,12.0,38.5
CUST0072,24,26,6510.83,14.0,25.1
CUST0073,22,6,12840.16,9.0,42.1
CUST0074,3,113,1945.91,1.0,59.9
CUST0075,7,146,17845.33,9.0,14.9
CUST0076,3,114,22481.03,4.0,13.0
CUST0077,5,134,17655.56,11.0,27.6
CUST0078,12,13,13573.9,14.0,24.9
CUST0079,33,32,14464.26,13.0,46.4
CUST0080,12,14,15705.66,10.0,25.9
CUST0081,2,177,1005.95,6.0,73.3
CUST0082,21,1,2759.36,7.0,53.0
CUST0083,17,32,10630.35,7.0,38.4
CUST0084,29,7,16822.53,15.0,10.9
CUST0085,17,24,9556.26,13.0,24.7
CUST0086,29,37,6396.13,8.0,59.9
CUST0087,5,140,23309.83,11.0,37.5
CUST0088,9,75,22117.0,7.0,47.5
CUST0089,6,144,1468.08,2.0,35.7
CUST0090,24,33,3099.47,9.0,83.9
CUST0091,27,29,19321.28,9.0,41.2
CUST0092,8,98,23350.05,7.0,20.1
CUST0093,8,31,17353.35,7.0,33.1
CUST0094,23,30,3903.17,3.0,67.4
CUST0095,5,128,23859.11,4.0,26.8
CUST0096,34,14,3969.04,3.0,71.7
CUST0097,30,25,3377.15,5.0,66.9
CUST0098,27,34,8580.09,12.0,50.7
CUST0099,17,18,23386.98,16.0,19.6
CUST0100,28,5,18507.17,16.0,27.4
CUST0101,23,23,14404.8,18.0,30.9
CUST0102,5,138,14451.83,12.0,27.2
CUST0103,24,17,5450.08,15.0,39.0
CUST0104,19,1,2720.42,5.0,53.6
CUST0105,3,85,4489.3,3.0,49.9
CUST0106,17,34,9225.85,12.0,49.9
CUST0107,19,33,10155.07,8.0,46.8
CUST0108,4,110,10402.29,5.0,33.0
CUST0109,16,9,9895.66,14.0,51.7
CUST0110,19,10,16660.59,16.0,
CUST0111,17,37,11668.59,6.0,26.2
CUST0112,21,25,15622.14,14.0,28.2
CUST0113,8,142,4480.04,7.0,71.2
CUST0114,6,131,4242.39,1.0,80.2
CUST0115,5,44,17583.42,13.0,6.8
CUST0116,7,76,3646.46,7.0,62.8
CUST0117,6,66,4035.97,2.0,56.1
CUST0118,32,31,9030.8,9.0,58.0
CUST0119,2,118,1813.81,4.0,59.1
CUST0120,20,26,4501.03,9.0,66.2
CUST0121,7,74,3710.51,6.0,50.9
CUST0122,2,92,5166.31,5.0,65.8
CUST0123,16,35,9681.02,8.0,23.2
CUST0124,25,20,22261.92,8.0,24.1
CUST0125,35,44,11523.62,14.0,54.6
CUST0126,21,20,10190.5,10.0,53.0
CUST0127,1,62,1266.38,2.0,49.8
CUST0128,5,84,3140.31,1.0,80.5
CUST0129,26,9,17019.72,11.0,17.6
CUST0130,43,6,3116.84,9.0,85.2
CUST0131,28,24,14581.39,14.0,53.5
CUST0132,18,8,8039.43,9.0,57.7
CUST0133,30,13,16336.53,17.0,37.3
CUST0134,20,5,9271.09,10.0,48.3
CUST0135,7,108,6502.04,1.0,43.7
CUST0136,24,35,10533.17,7.0,42.1
CUST0137,34,24,3912.89,7.0,59.0
CUST0138,8,118,23727.05,12.0,45.3
CUST0139,19,34,4559.53,14.0,22.0
CUST0140,2,135,2445.95,2.0,75.5
CUST0141,8,84,2479.33,4.0,53.6
CUST0142,22,5,9730.42,15.0,44.0
CUST0143,22,13,4907.49,5.0,63.9
CUST0144,16,40,9578.97,6.0,59.5
CUST0145,33,16,11552.59,14.0,35.0
CUST0146,24,25,19686.74,12.0,33.8
CUST0147,44,7,5040.21,4.0,55.2
CUST0148,28,30,3905.25,9.0,56.4
CUST0149,15,2,18114.98,14.0,16.8
CUST0150,27,27,12312.59,6.0,45.2
CUST0151,8,154,3234.56,3.0,73.1
CUST0152,24,41,9917.39,7.0,35.4
CUST0153,26,5,16214.27,18.0,15.8
CUST0154,29,22,4194.09,3.0,73.3
CUST0155,1,81,2923.84,2.0,84.5
CUST0156,29,29,9781.17,9.0,49.1
CUST0157,5,105,18344.81,6.0,16.4
CUST0158,8,55,8823.8,5.0,17.3
CUST0159,18,17,12357.05,9.0,57.8
CUST0160,8,107,19538.4,7.0,34.5
CUST0161,17,17,10447.85,10.0,48.7
CUST0162,7,48,20216.54,12.0,24.9
CUST0163,4,30,24817.43,5.0,14.6
CUST0164,34,25,3070.67,6.0,72.5
CUST0165,23,16,13136.99,16.0,40.4
CUST0166,5,67,3685.1,7.0,57.7
CUST0167,32,7,7422.39,10.0,61.0
CUST0168,17,20,10211.14,14.0,20.1
CUST0169,18,17,12295.5,16.0,17.0
CUST0170,42,22,4606.17,8.0,63.0
CUST0171,3,117,20482.29,4.0,5.5
CUST0172,29,18,17836.57,13.0,20.2
CUST0173,30,25,4372.13,5.0,69.2
CUST0174,23,17,10553.52,14.0,45.7
CUST0175,8,109,11637.46,4.0,30.2
CUST0176,29,28,17641.22,8.0,28.1
CUST0177,2,134,17654.07,7.0,21.1
CUST0178,21,2,9310.5,11.0,45.5
CUST0179,2,74,2907.84,1.0,82.6
CUST0180,14,27,16220.07,13.0,30.8
CUST0181,23,39,6125.75,13.0,62.6
CUST0182,26,27,21444.51,14.0,33.1
CUST0183,4,65,3262.46,3.0,37.0
CUST0184,2,177,5080.73,4.0,47.4
CUST0185,27,25,,12.0,41.2
CUST0186,6,37,21120.83,10.0,24.5
CUST0187,3,103,5573.05,6.0,51.6
CUST0188,41,3,4436.32,6.0,58.0
CUST0189,20,29,2655.31,9.0,68.5
CUST0190,35,31,,15.0,53.4
CUST0191,16,4,21495.13,19.0,11.4
CUST0192,1,110,4421.75,1.0,56.9
CUST0193,5,157,4794.42,2.0,74.6
CUST0194,8,71,18807.46,6.0,31.7
CUST0195,26,3,12748.39,6.0,25.9
CUST0196,22,36,12536.2,12.0,48.5
CUST0197,7,107,5950.79,9.0,27.2
CUST0198,6,119,3954.28,5.0,57.3
CUST0199,8,162,4878.52,6.0,67.6
CUST0200,2,57,10301.43,5.0,43.6
CUST0201,6,94,16661.49,10.0,25.4
CUST0202,22,10,19386.02,10.0,25.5
CUST0203,27,10,25804.14,16.0,25.1
CUST0204,4,67,2792.03,3.0,82.4
CUST0205,42,20,5404.54,9.0,76.6
CUST0206,16,17,11577.83,8.0,34.7
CUST0207,26,15,24336.01,11.0,19.4
CUST0208,3,102,30000.0,8.0,47.1
CUST0209,12,23,15504.52,18.0,21.1
CUST0210,28,19,15853.05,19.0,15.2
CUST0211,38,24,2455.54,5.0,69.6
CUST0212,5,67,21517.15,7.0,10.7
CUST0213,7,74,15336.58,8.0,9.2
CUST0214,22,29,10611.94,11.0,59.1
CUST0215,7,76,23350.34,13.0,21.8
CUST0216,32,18,10590.5,6.0,57.4
CUST0217,29,40,8615.52,14.0,51.0
CUST0218,2,30,20395.15,6.0,47.3
CUST0219,7,82,23195.92,5.0,50.0
CUST0220,6,122,5678.45,1.0,78.3
CUST0221,2,77,17327.46,12.0,9.9
CUST0222,19,4,4206.19,8.0,67.5
CUST0223,13,18,16543.19,18.0,23.1
CUST0224,21,25,11156.33,10.0,34.6
CUST0225,26,7,5056.98,14.0,46.8
CUST0226,31,35,11857.08,11.0,23.3
CUST0227,3,131,4807.6,6.0,60.0
CUST0228,35,26,12874.75,13.0,43.4
CUST0229,6,87,1832.51,5.0,47.3
CUST0230,5,44,10773.01,10.0,41.6
CUST0231,2,167,4410.71,,67.7
CUST0232,36,15,4281.19,6.0,87.4
CUST0233,39,19,3966.31,7.0,61.4
CUST0234,44,29,3049.65,9.0,71.3
CUST0235,22,16,10059.35,7.0,32.3
CUST0236,5,119,16602.94,12.0,28.5
CUST0237,21,31,10224.49,12.0,33.3
CUST0238,28,10,19579.3,17.0,42.1
CUST0239,5,97,21385.02,10.0,33.7
CUST0240,20,26,8892.35,16.0,32.6
CUST0241,8,101,3169.61,2.0,47.8
CUST0242,4,109,4401.65,3.0,77.6
CUST0243,7,133,4204.01,2.0,57.6
CUST0244,32,5,10998.21,6.0,53.2
CUST0245,13,1,17258.85,12.0,32.5
CUST0246,7,91,3344.22,3.0,46.6
CUST0247,28,13,9305.78,7.0,32.4
CUST0248,7,144,6595.65,2.0,55.2
CUST0249,6,98,4751.13,4.0,71.2
CUST0250,7,168,2876.18,6.0,48.2
CUST0251,19,33,5910.7,6.0,
CUST0252,23,39,12978.1,9.0,39.9
CUST0253,2,119,2753.82,5.0,48.6
CUST0254,22,3,11043.02,11.0,30.4
CUST0255,14,22,20779.99,9.0,25.6
CUST0256,37,8,5946.54,8.0,72.5
CUST0257,4,128,4146.51,1.0,43.5
CUST0258,3,91,14396.63,12.0,42.0
CUST0259,29,17,1664.43,9.0,66.0
CUST0260,19,22,16002.81,12.0,35.8
CUST0261,41,1,4075.19,8.0,60.3
CUST0262,8,162,4972.46,1.0,65.4
CUST0263,23,6,16836.78,9.0,23.3
CUST0264,19,27,3592.18,3.0,72.2
CUST0265,3,111,3732.0,2.0,60.8
CUST0266,4,51,18518.63,9.0,30.5
CUST0267,5,135,6424.81,9.0,41.8
CUST0268,4,59,19141.01,11.0,29.0
CUST0269,28,6,8704.95,14.0,34.5
CUST0270,17,2,8509.78,7.0,30.1
CUST0271,4,141,4803.07,1.0,59.0
CUST0272,1,95,4069.64,7.0,59.4
CUST0273,6,169,3512.42,1.0,76.3
CUST0274,5,157,1925.8,5.0,36.3
CUST0275,42,15,4056.65,6.0,62.5
CUST0276,31,20,4529.69,4.0,61.1
CUST0277,6,91,4148.14,4.0,53.2
CUST0278,8,144,12587.51,8.0,40.1
CUST0279,3,118,19743.34,12.0,24.4
CUST0280,9,158,3095.5,5.0,41.1
CUST0281,3,66,3034.19,4.0,66.7
CUST0282,22,17,9874.92,10.0,47.7
CUST0283,34,29,10598.96,12.0,52.6
CUST0284,16,20,27154.73,10.0,
CUST0285,39,14,3593.8,7.0,50.4
CUST0286,13,27,13350.77,12.0,10.7
CUST0287,32,21,3453.76,9.0,74.8
CUST0288,30,21,4391.8,4.0,59.6
CUST0289,35,18,6446.52,10.0,58.0
CUST0290,40,26,3237.76,8.0,56.0
CUST0291,27,28,22366.21,11.0,40.1
CUST0292,21,21,20132.06,17.0,41.2
CUST0293,9,123,2697.11,1.0,75.4
CUST0294,30,29,11787.79,6.0,57.8
CUST0295,19,21,17926.6,15.0,41.3
CUST0296,25,15,5311.78,3.0,52.7
CUST0297,9,74,21299.86,4.0,24.9
CUST0298,22,13,8009.03,13.0,23.8
CUST0299,28,1,3197.51,8.0,89.7
CUST0300,26,19,23195.25,14.0,37.4
CUST0301,30,11,22976.14,13.0,36.8
CUST0302,27,32,1796.84,6.0,86.0
CUST0303,25,25,3788.66,3.0,71.2
CUST0304,7,143,18413.0,13.0,40.9
CUST0305,5,120,19285.07,8.0,46.4
CUST0306,2,70,3822.31,2.0,51.9
CUST0307,25,18,3405.22,5.0,72.0
CUST0308,32,22,6681.15,9.0,30.8
CUST0309,5,103,3752.56,5.0,49.3
CUST0310,21,12,9137.96,14.0,44.5
CUST0311,38,13,4372.5,9.0,76.2
CUST0312,22,22,24396.49,13.0,44.5
CUST0313,24,18,19289.96,11.0,38.6
CUST0314,3,82,2681.2,4.0,71.6
CUST0315,5,120,4292.01,6.0,63.3
CUST0316,6,59,26176.24,10.0,31.0
CUST0317,19,8,8948.97,6.0,53.4
CUST0318,14,1,17921.51,11.0,13.5
CUST0319,21,2,19042.65,14.0,31.5
CUST0320,16,41,6418.88,14.0,44.9
CUST0321,39,26,4312.49,8.0,58.1
CUST0322,3,82,20596.67,12.0,35.5
CUST0323,9,144,18469.69,6.0,49.8
CUST0324,18,4,12188.39,9.0,55.1
CUST0325,6,158,3972.69,6.0,69.8
CUST0326,6,103,14624.87,9.0,12.5
CUST0327,42,20,4980.48,7.0,75.7
CUST0328,41,16,3744.12,4.0,72.5
CUST0329,18,24,11752.94,8.0,42.4
CUST0330,28,19,10803.56,11.0,51.3
CUST0331,26,30,9679.44,9.0,25.5
CUST0332,2,84,25532.79,4.0,9.0
CUST0333,28,27,20470.68,16.0,42.7
CUST0334,24,1,20793.0,8.0,32.3
CUST0335,27,15,17094.06,19.0,23.4
CUST0336,20,26,14162.24,12.0,16.5
CUST0337,2,62,2866.67,1.0,81.5
CUST0338,4,146,22857.19,6.0,16.7
CUST0339,31,26,4513.6,4.0,87.5
CUST0340,15,6,15869.2,17.0,12.8
CUST0341,24,1,3725.77,6.0,76.3
CUST0342,21,21,3000.69,8.0,61.3
CUST0343,21,22,14488.07,19.0,37.5
CUST0344,27,16,3173.12,8.0,67.2
CUST0345,27,6,9452.99,13.0,22.1
CUST0346,35,21,3252.79,6.0,62.6
CUST0347,4,36,18245.82,11.0,29.7
CUST0348,26,16,17052.0,14.0,23.8
CUST0349,26,14,11247.38,15.0,28.6
CUST0350,34,19,2745.71,5.0,88.9
CUST0351,29,33,3573.24,4.0,53.6
CUST0352,6,178,2849.8,1.0,61.2
CUST0353,6,90,21144.08,12.0,40.6
CUST0354,28,17,20772.42,9.0,12.9
CUST0355,17,2,12934.64,9.0,33.2
CUST0356,2,95,18710.08,13.0,25.8
CUST0357,27,19,20476.62,15.0,37.5
CUST0358,23,10,6057.5,5.0,52.1
CUST0359,1,123,4510.94,2.0,51.5
CUST0360,31,22,3637.28,9.0,58.2
CUST0361,35,15,8858.02,15.0,53.8
CUST0362,2,92,11184.05,5.0,7.9
CUST0363,20,8,3238.54,5.0,54.2
CUST0364,37,23,2483.86,3.0,65.9
CUST0365,3,128,1303.08,4.0,72.9
CUST0366,19,21,9941.43,13.0,55.9
CUST0367,8,141,4081.68,4.0,43.3
CUST0368,3,168,2484.37,3.0,79.9
CUST0369,25,40,15096.07,12.0,28.3
CUST0370,16,28,18731.23,18.0,21.0
CUST0371,17,14,18096.88,8.0,24.6
CUST0372,24,2,23648.88,11.0,44.9
CUST0373,16,25,15991.59,12.0,44.1
CUST0374,5,122,21793.45,12.0,41.9
CUST0375,29,6,13973.83,18.0,41.5
CUST0376,26,44,12007.73,14.0,36.1
CUST0377,2,145,2901.97,2.0,47.2
CUST0378,12,21,21970.75,10.0,15.0
CUST0379,9,110,5438.45,1.0,56.8
CUST0380,31,5,8790.89,8.0,21.4
CUST0381,27,2,22778.7,19.0,33.9
CUST0382,7,102,13393.1,7.0,15.2
CUST0383,25,23,3775.74,4.0,70.5
CUST0384,6,74,2786.99,7.0,38.4
CUST0385,2,146,26289.78,7.0,44.2
CUST0386,7,68,2881.2,3.0,38.0
CUST0387,29,18,11390.37,12.0,27.6
CUST0388,13,24,19384.71,13.0,17.9
CUST0389,6,101,17808.61,7.0,5.8
CUST0390,8,147,2283.51,6.0,80.9
CUST0391,7,81,2977.73,3.0,76.3
CUST0392,33,9,11151.29,9.0,64.2
CUST0393,28,9,11455.06,8.0,59.3
CUST0394,7,149,16366.22,9.0,10.4
CUST0395,18,40,5759.55,10.0,33.4
CUST0396,9,127,4133.96,3.0,80.1
CUST0397,8,61,4640.37,1.0,84.5
CUST0398,30,29,13263.35,6.0,32.8
CUST0399,5,64,23261.76,8.0,28.5
CUST0400,6,77,15577.41,7.0,14.9
CUST0401,23,1,18726.35,16.0,33.4
CUST0402,1,157,5550.99,1.0,36.3
CUST0403,40,12,3924.18,9.0,74.1
CUST0404,4,152,4550.61,6.0,65.4
CUST0405,33,38,13107.92,9.0,50.4
CUST0406,4,81,4390.55,4.0,59.4
CUST0407,26,2,9043.21,14.0,42.8
CUST0408,17,6,11000.09,13.0,18.9
CUST0409,1,120,2765.88,3.0,48.8
CUST0410,12,25,17851.85,8.0,31.8
CUST0411,28,35,6666.52,6.0,43.2
CUST0412,6,108,500.0,6.0,37.5
CUST0413,8,102,2918.04,7.0,75.1
CUST0414,34,9,4775.45,7.0,61.4
CUST0415,2,117,24191.2,10.0,44.3
CUST0416,30,11,4086.37,8.0,89.7
CUST0417,27,1,12757.25,13.0,60.8
CUST0418,35,12,7939.43,6.0,57.1
CUST0419,8,121,16584.69,10.0,6.8
CUST0420,5,111,19733.97,5.0,10.2
CUST0421,1,95,2434.22,4.0,62.5
CUST0422,1,156,3131.74,4.0,39.0
CUST0423,26,9,18674.62,16.0,32.6
CUST0424,36,11,4441.94,7.0,50.4
CUST0425,29,19,18826.9,19.0,16.0
CUST0426,23,27,4758.94,7.0,86.1
CUST0427,23,3,2856.27,3.0,77.8
CUST0428,3,166,3630.27,1.0,39.2
CUST0429,29,26,9115.8,13.0,49.4
CUST0430,22,18,12059.91,11.0,33.6
CUST0431,20,21,19049.45,19.0,37.9
CUST0432,4,96,24255.97,12.0,24.4
CUST0433,25,11,2164.34,3.0,
CUST0434,12,24,22684.98,14.0,27.9
CUST0435,16,7,14142.38,17.0,32.6
CUST0436,5,64,16849.22,4.0,9.6
CUST0437,16,8,13062.6,19.0,29.6
CUST0438,4,172,2789.04,5.0,83.6
CUST0439,7,149,19139.76,7.0,9.5
CUST0440,25,22,19672.75,18.0,23.6
CUST0441,21,19,10784.87,12.0,39.2
CUST0442,5,101,,4.0,50.7
CUST0443,20,4,9531.51,9.0,21.4
CUST0444,30,22,9843.61,9.0,64.1
CUST0445,9,108,1978.36,5.0,76.7
CUST0446,3,62,3647.99,2.0,76.3
CUST0447,3,172,5939.95,5.0,83.3
CUST0448,8,97,19426.77,6.0,12.4
CUST0449,17,13,9048.37,8.0,55.2
CUST0450,14,28,27336.65,9.0,31.8
CUST0451,2,53,12852.25,8.0,11.7
CUST0452,22,17,4496.7,7.0,71.7
CUST0453,33,27,10058.23,11.0,25.9
CUST0454,7,151,4061.23,5.0,74.7
CUST0455,20,14,18075.12,19.0,26.9
CUST0456,23,11,4653.71,3.0,72.5
CUST0457,26,27,9457.3,9.0,35.4
CUST0458,38,14,7137.75,5.0,66.3
CUST0459,30,15,19658.79,10.0,17.0
CUST0460,20,8,23967.68,11.0,10.1
CUST0461,28,17,13907.09,13.0,19.0
CUST0462,6,42,15027.87,10.0,5.9
CUST0463,9,51,24620.56,9.0,28.7
CUST0464,38,16,4947.53,6.0,82.2
CUST0465,8,94,4643.75,7.0,35.1
CUST0466,17,1,10628.79,9.0,57.5
CUST0467,15,15,10427.04,10.0,57.0
CUST0468,9,60,2787.39,4.0,70.0
CUST0469,22,23,7695.47,9.0,38.3
CUST0470,6,134,3471.17,3.0,62.5
CUST0471,25,28,24900.47,10.0,28.3
CUST0472,2,99,4306.47,1.0,60.0
CUST0473,21,28,17283.16,,34.9
CUST0474,8,170,3599.02,7.0,46.6
CUST0475,24,3,4829.47,7.0,73.3
CUST0476,7,124,3267.41,1.0,67.0
CUST0477,24,21,16374.15,16.0,14.3
CUST0478,34,23,2617.13,8.0,68.2
CUST0479,4,131,5962.6,2.0,47.1
CUST0480,31,24,4818.19,9.0,72.1
CUST0481,21,13,4226.3,6.0,69.9
CUST0482,7,63,21137.28,5.0,42.1
CUST0483,28,12,3129.73,3.0,70.4
CUST0484,43,18,3786.29,8.0,78.3
CUST0485,40,24,4825.1,7.0,87.2
CUST0486,9,124,2459.44,3.0,48.5
CUST0487,13,12,21434.05,10.0,25.2
CUST0488,31,6,9833.07,13.0,63.4
CUST0489,5,76,3421.34,1.0,81.5
CUST0490,9,179,5878.03,7.0,35.2
CUST0491,40,21,4965.4,3.0,61.1
CUST0492,28,17,5236.13,6.0,78.1
CUST0493,23,21,14430.5,10.0,22.2
CUST0494,19,39,8597.38,14.0,41.4
CUST0495,33,18,5270.7,3.0,52.1
CUST0496,23,13,10887.79,7.0,44.8
CUST0497,21,31,3168.83,8.0,68.9
CUST0498,12,4,23668.18,14.0,31.3
CUST0499,2,68,3951.69,2.0,71.9
CUST0500,6,167,2417.54,4.0,54.8
