Customer_ID,Purchase_Frequency,Recency,Spending,Product_Diversity,Discount_Usage,R_Score,F_Score,M_Score,RFM_Score,Customer_Segment,Frequent_Low_Spend,Heavy_Infrequent,Nearest_Behaviour_Distance,Behaviour_Anomaly
CUST0001,31,9,11590.93,8.0,57.0,5,5,4,14,High Value,False,False,0.4547578005724088,False
CUST0002,2,174,2807.72,5.0,65.7,1,1,1,3,At Risk / Low Value,False,False,0.6088407578470768,False
CUST0003,3,39,24897.2,4.0,22.0,2,1,5,8,Heavy Infrequent,False,True,0.9764853988007897,True
CUST0004,43,25,3530.82,8.0,83.2,3,5,1,9,Frequent Low Spend,True,False,0.4322401067199598,False
CUST0005,28,13,18874.73,12.0,45.0,5,4,5,14,High Value,False,False,0.6834148384615757,False
CUST0006,17,3,16062.5,12.0,30.5,5,3,4,12,Loyal / Potential,False,False,0.5392034435413596,False
CUST0007,16,10,16199.74,16.0,14.5,5,3,4,12,Loyal / Potential,False,False,0.5578030048899606,False
CUST0008,3,104,4247.42,5.0,45.4,1,1,2,4,At Risk / Low Value,False,False,0.410399139507404,False
CUST0009,18,32,3998.36,8.0,80.9,3,3,2,8,Loyal / Potential,False,False,0.6377108061793908,False
CUST0010,4,79,16869.84,4.0,29.8,2,1,4,7,Heavy Infrequent,False,True,0.8864879247587462,False
CUST0011,16,27,13918.47,14.0,36.4,3,3,4,10,Loyal / Potential,False,False,0.5150557382923553,False
CUST0012,5,73,3177.09,2.0,75.3,2,1,1,4,At Risk / Low Value,False,False,0.3500911223825486,False
CUST0013,7,97,3743.74,2.0,64.5,2,2,2,6,At Risk / Low Value,False,False,0.5585795789845481,False
CUST0014,29,27,9609.06,8.0,60.7,3,4,3,10,Loyal / Potential,False,False,0.41623065733302334,False
CUST0015,34,38,11405.36,12.0,43.6,2,5,4,11,Loyal / Potential,False,False,0.5651019880425938,False
CUST0016,31,5,9272.13,9.0,40.7,5,5,3,13,Loyal / Potential,False,False,0.6518516518047763,False
CUST0017,31,10,9781.69,7.0,34.8,5,5,3,13,Loyal / Potential,False,False,0.5870976630833995,False
CUST0018,28,11,3518.66,5.0,71.5,5,4,1,10,Frequent Low Spend,True,False,0.3881898902243223,False
CUST0019,40,16,2898.75,3.0,85.9,4,5,1,10,Frequent Low Spend,True,False,0.6982725060054747,False
CUST0020,17,27,10572.88,7.0,47.1,3,3,3,9,Loyal / Potential,False,False,0.45200408581936385,False
CUST0021,36,19,3496.76,4.0,57.1,4,5,1,10,Frequent Low Spend,True,False,0.4655159368519037,False
CUST0022,17,1,22181.25,12.0,26.1,5,3,5,13,Loyal / Potential,False,False,0.7244581928672578,False
CUST0023,28,34,8675.75,14.0,24.2,3,4,3,10,Loyal / Potential,False,False,0.6365692423601488,False
CUST0024,29,22,7698.91,13.0,59.3,4,4,3,11,Loyal / Potential,False,False,0.5806108723963843,False
CUST0025,33,17,4851.35,3.0,73.9,4,5,2,11,Frequent Low Spend,False,False,0.4092612957706544,False
CUST0026,4,138,2755.56,7.0,53.5,1,1,1,3,At Risk / Low Value,False,False,0.5964455983326233,False
CUST0027,28,26,9922.6,7.0,53.6,3,4,3,10,Loyal / Potential,False,False,0.48060701707450093,False
CUST0028,31,7,5597.11,5.0,85.8,5,5,2,12,Frequent Low Spend,False,False,0.5651170732775569,False
CUST0029,31,18,5523.79,9.0,54.2,4,5,2,11,Frequent Low Spend,False,False,0.46986300671507475,False
CUST0030,16,28,8173.01,17.0,29.7,3,3,3,9,Loyal / Potential,False,False,0.8225990788694528,False
CUST0031,34,22,3226.78,3.0,63.7,4,5,1,10,Frequent Low Spend,True,False,0.4123516669734322,False
CUST0032,15,10,16596.84,10.0,32.7,5,3,4,12,Loyal / Potential,False,False,0.5441467143519356,False
CUST0033,29,15,24251.25,15.0,30.5,4,4,5,13,High Value,False,False,0.5608130592981346,False
CUST0034,3,101,4166.77,1.0,51.9,2,1,2,5,At Risk / Low Value,False,False,0.47261245280648756,False
CUST0035,4,85,1801.76,3.0,84.3,2,1,1,4,At Risk / Low Value,False,False,0.4745268611111251,False
CUST0036,5,92,4214.48,5.0,40.1,2,1,2,5,At Risk / Low Value,False,False,0.5138186888884323,False
CUST0037,20,6,8068.59,8.0,60.4,5,3,3,11,Loyal / Potential,False,False,0.4723800242513748,False
CUST0038,14,19,16051.5,15.0,34.4,4,3,4,11,Loyal / Potential,False,False,0.5408499948521694,False
CUST0039,9,124,19869.83,7.0,5.2,1,2,5,8,Heavy Infrequent,False,False,0.6740138831268823,False
CUST0040,39,30,4907.87,8.0,76.7,3,5,2,10,Frequent Low Spend,False,False,0.43167298589931313,False
CUST0041,13,15,11015.35,19.0,17.2,4,2,3,9,Loyal / Potential,False,False,0.8061333743873002,False
CUST0042,43,4,6616.7,5.0,58.0,5,5,3,13,Loyal / Potential,False,False,0.5245322000542432,False
CUST0043,28,12,19038.89,13.0,30.3,5,4,5,14,High Value,False,False,0.5527372680111096,False
CUST0044,4,136,2414.82,3.0,64.7,1,1,1,3,At Risk / Low Value,False,False,0.45604300281347304,False
CUST0045,20,10,13893.42,7.0,34.5,5,3,4,12,Loyal / Potential,False,False,0.5919787139543545,False
CUST0046,3,113,28919.96,4.0,11.2,1,1,5,7,Heavy Infrequent,False,True,1.049515780982428,True
CUST0047,23,17,9342.32,11.0,38.5,4,4,3,11,Loyal / Potential,False,False,0.44376952637025946,False
CUST0048,34,5,2976.18,8.0,79.8,5,5,1,11,Frequent Low Spend,True,False,0.580741710782659,False
CUST0049,35,14,3491.59,3.0,79.6,4,5,1,10,Frequent Low Spend,True,False,0.5155022227722103,False
CUST0050,22,11,6767.95,14.0,53.8,5,3,3,11,Loyal / Potential,False,False,0.5793302749984918,False
CUST0051,3,144,2811.5,6.0,61.2,1,1,1,3,At Risk / Low Value,False,False,0.4766723792139369,False
CUST0052,5,118,15596.28,13.0,22.7,1,1,4,6,Heavy Infrequent,False,False,0.5926940236708681,False
CUST0053,8,131,1054.25,3.0,66.2,1,2,1,4,At Risk / Low Value,False,False,0.5306886336365532,False
CUST0054,1,82,2290.3,7.0,60.1,2,1,1,4,At Risk / Low Value,False,False,0.5771979331082744,False
CUST0055,42,17,3760.82,8.0,52.7,4,5,2,11,Frequent Low Spend,True,False,0.42383413339206727,False
CUST0056,8,110,4487.73,7.0,40.8,1,2,2,5,At Risk / Low Value,False,False,0.613889375492034,False
CUST0057,17,3,12085.66,11.0,37.8,5,3,4,12,Loyal / Potential,False,False,0.5703457814493526,False
CUST0058,15,30,12016.26,12.0,45.8,3,3,4,10,Loyal / Potential,False,False,0.5946324058599208,False
CUST0059,17,25,13634.44,14.0,15.0,3,3,4,10,Loyal / Potential,False,False,0.5649061843248715,False
CUST0060,18,22,7702.6,7.0,54.3,4,3,3,10,Loyal / Potential,False,False,0.48196063274950796,False
CUST0061,24,33,9691.48,9.0,40.6,3,4,3,10,Loyal / Potential,False,False,0.44357652203110315,False
CUST0062,34,15,7415.85,13.0,26.7,4,5,3,12,Loyal / Potential,False,False,0.7093276956880787,False
CUST0063,4,135,5096.53,2.0,47.6,1,1,2,4,At Risk / Low Value,False,False,0.36788768219809265,False
CUST0064,19,20,13898.5,15.0,35.4,4,3,4,11,Loyal / Potential,False,False,0.5022723037195681,False
CUST0065,20,8,5805.19,15.0,46.4,5,3,2,10,Loyal / Potential,False,False,0.5455307485605132,False
CUST0066,35,25,3394.94,3.0,50.7,3,5,1,9,Frequent Low Spend,True,False,0.5359614906516181,False
CUST0067,22,12,22819.88,17.0,12.4,5,3,5,13,Loyal / Potential,False,False,0.8016336729023095,False
CUST0068,3,88,4306.91,6.0,81.7,2,1,2,5,At Risk / Low Value,False,False,0.7454098823205186,False
CUST0069,22,23,16682.91,17.0,39.4,3,3,4,10,Loyal / Potential,False,False,0.5448501967548547,False
CUST0070,6,146,2935.66,1.0,51.6,1,2,1,4,At Risk / Low Value,False,False,0.5100200177260336,False
CUST0071,7,84,21688.83,12.0,38.5,2,2,5,9,Heavy Infrequent,False,False,0.5654423637740524,False
CUST0072,24,26,6510.83,14.0,25.1,3,4,3,10,Loyal / Potential,False,False,0.5863807129258565,False
CUST0073,22,6,12840.16,9.0,42.1,5,3,4,12,Loyal / Potential,False,False,0.5946477195686466,False
CUST0074,3,113,1945.91,1.0,59.9,1,1,1,3,At Risk / Low Value,False,False,0.46811349054457574,False
CUST0075,7,146,17845.33,9.0,14.9,1,2,5,8,Heavy Infrequent,False,False,0.6249290398730032,False
CUST0076,3,114,22481.03,4.0,13.0,1,1,5,7,Heavy Infrequent,False,True,0.6648465465473968,False
CUST0077,5,134,17655.56,11.0,27.6,1,1,4,6,Heavy Infrequent,False,True,0.5915229373989559,False
CUST0078,12,13,13573.9,14.0,24.9,5,2,4,11,Heavy Infrequent,False,False,0.670685476353625,False
CUST0079,33,32,14464.26,13.0,46.4,3,5,4,12,Loyal / Potential,False,False,0.5699440095056977,False
CUST0080,12,14,15705.66,10.0,25.9,4,2,4,10,Heavy Infrequent,False,False,0.6312601794885226,False
CUST0081,2,177,1005.95,6.0,73.3,1,1,1,3,At Risk / Low Value,False,False,0.6745168412477102,False
CUST0082,21,1,2759.36,7.0,53.0,5,3,1,9,Loyal / Potential,False,False,0.613478017160231,False
CUST0083,17,32,10630.35,7.0,38.4,3,3,3,9,Loyal / Potential,False,False,0.4781373846337528,False
CUST0084,29,7,16822.53,15.0,10.9,5,5,4,14,High Value,False,False,0.7075686586715653,False
CUST0085,17,24,9556.26,13.0,24.7,3,3,3,9,Loyal / Potential,False,False,0.5519833629367823,False
CUST0086,29,37,6396.13,8.0,59.9,3,5,3,11,Loyal / Potential,False,False,0.5309650797056327,False
CUST0087,5,140,23309.83,11.0,37.5,1,1,5,7,Heavy Infrequent,False,True,0.73881468938539,False
CUST0088,9,75,22117.0,7.0,47.5,2,2,5,9,Heavy Infrequent,False,False,0.8248833260778966,False
CUST0089,6,144,1468.08,2.0,35.7,1,2,1,4,At Risk / Low Value,False,False,0.6952703089366217,False
CUST0090,24,33,3099.47,9.0,83.9,3,4,1,8,Frequent Low Spend,False,False,0.6935019377365379,False
CUST0091,27,29,19321.28,9.0,41.2,3,4,5,12,Loyal / Potential,False,False,0.682760862400314,False
CUST0092,8,98,23350.05,7.0,20.1,2,2,5,9,Heavy Infrequent,False,False,0.8343245006114051,False
CUST0093,8,31,17353.35,7.0,33.1,3,2,4,9,Heavy Infrequent,False,False,0.7777003866485623,False
CUST0094,23,30,3903.17,3.0,67.4,3,4,2,9,Frequent Low Spend,False,False,0.420076612769404,False
CUST0095,5,128,23859.11,4.0,26.8,1,1,5,7,Heavy Infrequent,False,True,0.9474872960574074,True
CUST0096,34,14,3969.04,3.0,71.7,4,5,2,11,Frequent Low Spend,True,False,0.3943260102759147,False
CUST0097,30,25,3377.15,5.0,66.9,3,5,1,9,Frequent Low Spend,True,False,0.38909373986790535,False
CUST0098,27,34,8580.09,12.0,50.7,3,4,3,10,Loyal / Potential,False,False,0.4833923411977971,False
CUST0099,17,18,23386.98,16.0,19.6,4,3,5,12,Loyal / Potential,False,False,0.7933894822615388,False
CUST0100,28,5,18507.17,16.0,27.4,5,4,5,14,High Value,False,False,0.5526201561899746,False
CUST0101,23,23,14404.8,18.0,30.9,3,4,4,11,Loyal / Potential,False,False,0.6114834067997583,False
CUST0102,5,138,14451.83,12.0,27.2,1,1,4,6,Heavy Infrequent,False,False,0.6713345945744703,False
CUST0103,24,17,5450.08,15.0,39.0,4,4,2,10,Frequent Low Spend,False,False,0.6229301996629355,False
CUST0104,19,1,2720.42,5.0,53.6,5,3,1,9,Loyal / Potential,False,False,0.5564462097322307,False
CUST0105,3,85,4489.3,3.0,49.9,2,1,2,5,At Risk / Low Value,False,False,0.46563036087452314,False
CUST0106,17,34,9225.85,12.0,49.9,3,3,3,9,Loyal / Potential,False,False,0.571834926792516,False
CUST0107,19,33,10155.07,8.0,46.8,3,3,3,9,Loyal / Potential,False,False,0.4595549540602361,False
CUST0108,4,110,10402.29,5.0,33.0,1,1,3,5,Loyal / Potential,False,False,0.9079454046245263,True
CUST0109,16,9,9895.66,14.0,51.7,5,3,3,11,Loyal / Potential,False,False,0.618050305180434,False
CUST0110,19,10,16660.59,16.0,45.6,5,3,4,12,Loyal / Potential,False,False,0.5930601516110201,False
CUST0111,17,37,11668.59,6.0,26.2,3,3,4,10,Loyal / Potential,False,False,0.7047358749010111,False
CUST0112,21,25,15622.14,14.0,28.2,3,3,4,10,Loyal / Potential,False,False,0.5924735351410364,False
CUST0113,8,142,4480.04,7.0,71.2,1,2,2,5,At Risk / Low Value,False,False,0.5233054450842392,False
CUST0114,6,131,4242.39,1.0,80.2,1,2,2,5,At Risk / Low Value,False,False,0.48740799789382594,False
CUST0115,5,44,17583.42,13.0,6.8,2,1,4,7,Heavy Infrequent,False,True,0.9105129949715689,True
CUST0116,7,76,3646.46,7.0,62.8,2,2,1,5,At Risk / Low Value,False,False,0.5926916577640972,False
CUST0117,6,66,4035.97,2.0,56.1,2,2,2,6,At Risk / Low Value,False,False,0.5826894588590223,False
CUST0118,32,31,9030.8,9.0,58.0,3,5,3,11,Loyal / Potential,False,False,0.48006247297759697,False
CUST0119,2,118,1813.81,4.0,59.1,1,1,1,3,At Risk / Low Value,False,False,0.5400023766311944,False
CUST0120,20,26,4501.03,9.0,66.2,3,3,2,8,Loyal / Potential,False,False,0.42837138878680864,False
CUST0121,7,74,3710.51,6.0,50.9,2,2,1,5,At Risk / Low Value,False,False,0.5378754304945401,False
CUST0122,2,92,5166.31,5.0,65.8,2,1,2,5,At Risk / Low Value,False,False,0.5216783608312301,False
CUST0123,16,35,9681.02,8.0,23.2,3,3,3,9,Loyal / Potential,False,False,0.7266773330531209,False
CUST0124,25,20,22261.92,8.0,24.1,4,4,5,13,High Value,False,False,0.6779672436734044,False
CUST0125,35,44,11523.62,14.0,54.6,2,5,4,11,Loyal / Potential,False,False,0.6270121529237841,False
CUST0126,21,20,10190.5,10.0,53.0,4,3,3,10,Loyal / Potential,False,False,0.409837171496105,False
CUST0127,1,62,1266.38,2.0,49.8,2,1,1,4,At Risk / Low Value,False,False,0.6816218273786714,False
CUST0128,5,84,3140.31,1.0,80.5,2,1,1,4,At Risk / Low Value,False,False,0.3798259444051295,False
CUST0129,26,9,17019.72,11.0,17.6,5,4,4,13,High Value,False,False,0.5970620126967179,False
CUST0130,43,6,3116.84,9.0,85.2,5,5,1,11,Frequent Low Spend,True,False,0.5655804250272775,False
CUST0131,28,24,14581.39,14.0,53.5,3,4,4,11,Loyal / Potential,False,False,0.7555368355001477,False
CUST0132,18,8,8039.43,9.0,57.7,5,3,3,11,Loyal / Potential,False,False,0.41924821520604694,False
CUST0133,30,13,16336.53,17.0,37.3,5,5,4,14,High Value,False,False,0.5983149275023489,False
CUST0134,20,5,9271.09,10.0,48.3,5,3,3,11,Loyal / Potential,False,False,0.3932580577596241,False
CUST0135,7,108,6502.04,1.0,43.7,1,2,3,6,Loyal / Potential,False,False,0.6192086036070019,False
CUST0136,24,35,10533.17,7.0,42.1,3,4,3,10,Loyal / Potential,False,False,0.4643384314916828,False
CUST0137,34,24,3912.89,7.0,59.0,3,5,2,10,Frequent Low Spend,True,False,0.42538669162306064,False
CUST0138,8,118,23727.05,12.0,45.3,1,2,5,8,Heavy Infrequent,False,False,0.66840815352743,False
CUST0139,19,34,4559.53,14.0,22.0,3,3,2,8,Loyal / Potential,False,False,0.7819151344298019,False
CUST0140,2,135,2445.95,2.0,75.5,1,1,1,3,At Risk / Low Value,False,False,0.5878103308251118,False
CUST0141,8,84,2479.33,4.0,53.6,2,2,1,5,At Risk / Low Value,False,False,0.45650068694792106,False
CUST0142,22,5,9730.42,15.0,44.0,5,3,3,11,Loyal / Potential,False,False,0.45970207126434026,False
CUST0143,22,13,4907.49,5.0,63.9,5,4,2,11,Frequent Low Spend,False,False,0.5231465217307376,False
CUST0144,16,40,9578.97,6.0,59.5,2,3,3,8,Loyal / Potential,False,False,0.7280862029958473,False
CUST0145,33,16,11552.59,14.0,35.0,4,5,4,13,High Value,False,False,0.6658395430998196,False
CUST0146,24,25,19686.74,12.0,33.8,3,4,5,12,Loyal / Potential,False,False,0.5415922612055702,False
CUST0147,44,7,5040.21,4.0,55.2,5,5,2,12,Frequent Low Spend,False,False,0.5753631470273215,False
CUST0148,28,30,3905.25,9.0,56.4,3,4,2,9,Frequent Low Spend,True,False,0.5041368689402901,False
CUST0149,15,2,18114.98,14.0,16.8,5,3,5,13,Loyal / Potential,False,False,0.6807318809837082,False
CUST0150,27,27,12312.59,6.0,45.2,3,4,4,11,Loyal / Potential,False,False,0.5892624927401307,False
CUST0151,8,154,3234.56,3.0,73.1,1,2,1,4,At Risk / Low Value,False,False,0.5518776508672865,False
CUST0152,24,41,9917.39,7.0,35.4,2,4,3,9,Loyal / Potential,False,False,0.5331006863815955,False
CUST0153,26,5,16214.27,18.0,15.8,5,4,4,13,High Value,False,False,0.5566846160944182,False
CUST0154,29,22,4194.09,3.0,73.3,4,5,2,11,Frequent Low Spend,False,False,0.3873956262275436,False
CUST0155,1,81,2923.84,2.0,84.5,2,1,1,4,At Risk / Low Value,False,False,0.4079450159264608,False
CUST0156,29,29,9781.17,9.0,49.1,3,5,3,11,Loyal / Potential,False,False,0.5537544879515801,False
CUST0157,5,105,18344.81,6.0,16.4,1,1,5,7,Heavy Infrequent,False,True,0.5749934698021498,False
CUST0158,8,55,8823.8,5.0,17.3,2,2,3,7,Loyal / Potential,False,False,1.088466642767682,True
CUST0159,18,17,12357.05,9.0,57.8,4,3,4,11,Loyal / Potential,False,False,0.4440862386939828,False
CUST0160,8,107,19538.4,7.0,34.5,1,2,5,8,Heavy Infrequent,False,False,0.8320842885288176,False
CUST0161,17,17,10447.85,10.0,48.7,4,3,3,10,Loyal / Potential,False,False,0.4425672896641209,False
CUST0162,7,48,20216.54,12.0,24.9,2,2,5,9,Heavy Infrequent,False,False,0.6266321759851847,False
CUST0163,4,30,24817.43,5.0,14.6,3,1,5,9,Heavy Infrequent,False,True,1.0181760846719865,True
CUST0164,34,25,3070.67,6.0,72.5,3,5,1,9,Frequent Low Spend,True,False,0.4816411905392018,False
CUST0165,23,16,13136.99,16.0,40.4,4,4,4,12,High Value,False,False,0.5971518342326652,False
CUST0166,5,67,3685.1,7.0,57.7,2,1,1,4,At Risk / Low Value,False,False,0.547336520524366,False
CUST0167,32,7,7422.39,10.0,61.0,5,5,3,13,Loyal / Potential,False,False,0.5396485366008192,False
CUST0168,17,20,10211.14,14.0,20.1,4,3,3,10,Loyal / Potential,False,False,0.49292312196676036,False
CUST0169,18,17,12295.5,16.0,17.0,4,3,4,11,Loyal / Potential,False,False,0.6254178249269728,False
CUST0170,42,22,4606.17,8.0,63.0,4,5,2,11,Frequent Low Spend,False,False,0.4200145532101541,False
CUST0171,3,117,20482.29,4.0,5.5,1,1,5,7,Heavy Infrequent,False,True,0.673055750029428,False
CUST0172,29,18,17836.57,13.0,20.2,4,5,4,13,High Value,False,False,0.5551419866277134,False
CUST0173,30,25,4372.13,5.0,69.2,3,5,2,10,Frequent Low Spend,False,False,0.39825000522013193,False
CUST0174,23,17,10553.52,14.0,45.7,4,4,3,11,Loyal / Potential,False,False,0.4685051281616614,False
CUST0175,8,109,11637.46,4.0,30.2,1,2,4,7,Heavy Infrequent,False,False,0.9634690070539904,True
CUST0176,29,28,17641.22,8.0,28.1,3,5,4,12,Loyal / Potential,False,False,0.769983185823268,False
CUST0177,2,134,17654.07,7.0,21.1,1,1,4,6,Heavy Infrequent,False,True,0.7989013193243898,False
CUST0178,21,2,9310.5,11.0,45.5,5,3,3,11,Loyal / Potential,False,False,0.45827027478721377,False
CUST0179,2,74,2907.84,1.0,82.6,2,1,1,4,At Risk / Low Value,False,False,0.326502441267829,False
CUST0180,14,27,16220.07,13.0,30.8,3,3,4,10,Loyal / Potential,False,False,0.5531286563677595,False
CUST0181,23,39,6125.75,13.0,62.6,2,4,3,9,Loyal / Potential,False,False,0.7733015005650865,False
CUST0182,26,27,21444.51,14.0,33.1,3,4,5,12,Loyal / Potential,False,False,0.4875404157251209,False
CUST0183,4,65,3262.46,3.0,37.0,2,1,1,4,At Risk / Low Value,False,False,0.6617298127034587,False
CUST0184,2,177,5080.73,4.0,47.4,1,1,2,4,At Risk / Low Value,False,False,0.7443723148703091,False
CUST0185,27,25,9272.13,12.0,41.2,3,4,3,10,Loyal / Potential,False,False,0.5275558760767414,False
CUST0186,6,37,21120.83,10.0,24.5,3,2,5,10,Heavy Infrequent,False,True,0.606694475400034,False
CUST0187,3,103,5573.05,6.0,51.6,2,1,2,5,At Risk / Low Value,False,False,0.5089008823269552,False
CUST0188,41,3,4436.32,6.0,58.0,5,5,2,12,Frequent Low Spend,False,False,0.4444913961909175,False
CUST0189,20,29,2655.31,9.0,68.5,3,3,1,7,Loyal / Potential,False,False,0.4450378376684318,False
CUST0190,35,31,9272.13,15.0,53.4,3,5,3,11,Loyal / Potential,False,False,0.5656897493825878,False
CUST0191,16,4,21495.13,19.0,11.4,5,3,5,13,Loyal / Potential,False,False,0.8647564820660143,False
CUST0192,1,110,4421.75,1.0,56.9,1,1,2,4,At Risk / Low Value,False,False,0.3693040913047398,False
CUST0193,5,157,4794.42,2.0,74.6,1,1,2,4,At Risk / Low Value,False,False,0.5104065642075284,False
CUST0194,8,71,18807.46,6.0,31.7,2,2,5,9,Heavy Infrequent,False,False,0.7238777253696757,False
CUST0195,26,3,12748.39,6.0,25.9,5,4,4,13,High Value,False,False,0.7216201378274876,False
CUST0196,22,36,12536.2,12.0,48.5,3,4,4,11,Loyal / Potential,False,False,0.6427664344086907,False
CUST0197,7,107,5950.79,9.0,27.2,1,2,3,6,Loyal / Potential,False,False,0.9327500918193028,True
CUST0198,6,119,3954.28,5.0,57.3,1,2,2,5,At Risk / Low Value,False,False,0.4883172096243846,False
CUST0199,8,162,4878.52,6.0,67.6,1,2,2,5,At Risk / Low Value,False,False,0.4678815013736356,False
CUST0200,2,57,10301.43,5.0,43.6,2,1,3,6,Loyal / Potential,False,False,1.1328458788443903,True
CUST0201,6,94,16661.49,10.0,25.4,2,2,4,8,Heavy Infrequent,False,True,0.7764269175307559,False
CUST0202,22,10,19386.02,10.0,25.5,5,4,5,14,High Value,False,False,0.6187353428487433,False
CUST0203,27,10,25804.14,16.0,25.1,5,4,5,14,High Value,False,False,0.8116212115699547,False
CUST0204,4,67,2792.03,3.0,82.4,2,1,1,4,At Risk / Low Value,False,False,0.43974187878068205,False
CUST0205,42,20,5404.54,9.0,76.6,4,5,2,11,Frequent Low Spend,False,False,0.38709665294760526,False
CUST0206,16,17,11577.83,8.0,34.7,4,3,4,11,Loyal / Potential,False,False,0.49560706571564295,False
CUST0207,26,15,24336.01,11.0,19.4,4,4,5,13,High Value,False,False,0.7206826777376097,False
CUST0208,3,102,30000.0,8.0,47.1,2,1,5,8,Heavy Infrequent,False,True,1.2228400245640352,True
CUST0209,12,23,15504.52,18.0,21.1,3,2,4,9,Heavy Infrequent,False,False,0.573840909560853,False
CUST0210,28,19,15853.05,19.0,15.2,4,4,4,12,High Value,False,False,0.5623748968305915,False
CUST0211,38,24,2455.54,5.0,69.6,3,5,1,9,Frequent Low Spend,True,False,0.49626936018531537,False
CUST0212,5,67,21517.15,7.0,10.7,2,1,5,8,Heavy Infrequent,False,True,0.8719206790740387,False
CUST0213,7,74,15336.58,8.0,9.2,2,2,4,8,Heavy Infrequent,False,False,0.6381312317943084,False
CUST0214,22,29,10611.94,11.0,59.1,3,4,3,10,Loyal / Potential,False,False,0.5921506386616384,False
CUST0215,7,76,23350.34,13.0,21.8,2,2,5,9,Heavy Infrequent,False,False,0.8013336042337768,False
CUST0216,32,18,10590.5,6.0,57.4,4,5,3,12,Loyal / Potential,False,False,0.4273228799890757,False
CUST0217,29,40,8615.52,14.0,51.0,2,5,3,10,Loyal / Potential,False,False,0.5532278920375031,False
CUST0218,2,30,20395.15,6.0,47.3,3,1,5,9,Heavy Infrequent,False,True,1.0838416131534039,True
CUST0219,7,82,23195.92,5.0,50.0,2,2,5,9,Heavy Infrequent,False,False,0.9253529988316928,True
CUST0220,6,122,5678.45,1.0,78.3,1,2,2,5,At Risk / Low Value,False,False,0.5227565546361467,False
CUST0221,2,77,17327.46,12.0,9.9,2,1,4,7,Heavy Infrequent,False,True,0.934113511027413,True
CUST0222,19,4,4206.19,8.0,67.5,5,3,2,10,Loyal / Potential,False,False,0.5200003049272068,False
CUST0223,13,18,16543.19,18.0,23.1,4,2,4,10,Heavy Infrequent,False,False,0.541395949570984,False
CUST0224,21,25,11156.33,10.0,34.6,3,3,4,10,Loyal / Potential,False,False,0.4578224820660344,False
CUST0225,26,7,5056.98,14.0,46.8,5,4,2,11,Frequent Low Spend,False,False,0.5959932355202415,False
CUST0226,31,35,11857.08,11.0,23.3,3,5,4,12,Loyal / Potential,False,False,0.6140290123431201,False
CUST0227,3,131,4807.6,6.0,60.0,1,1,2,4,At Risk / Low Value,False,False,0.44041885409013853,False
CUST0228,35,26,12874.75,13.0,43.4,3,5,4,12,Loyal / Potential,False,False,0.5278311806347697,False
CUST0229,6,87,1832.51,5.0,47.3,2,2,1,5,At Risk / Low Value,False,False,0.4716455159528249,False
CUST0230,5,44,10773.01,10.0,41.6,2,1,3,6,Loyal / Potential,False,False,1.1686095529910603,True
CUST0231,2,167,4410.71,8.0,67.7,1,1,2,4,At Risk / Low Value,False,False,0.6678319415190097,False
CUST0232,36,15,4281.19,6.0,87.4,4,5,2,11,Frequent Low Spend,False,False,0.4702634263913691,False
CUST0233,39,19,3966.31,7.0,61.4,4,5,2,11,Frequent Low Spend,True,False,0.37112554297362593,False
CUST0234,44,29,3049.65,9.0,71.3,3,5,1,9,Frequent Low Spend,True,False,0.5330691987592294,False
CUST0235,22,16,10059.35,7.0,32.3,4,4,3,11,Loyal / Potential,False,False,0.5712650932372177,False
CUST0236,5,119,16602.94,12.0,28.5,1,1,4,6,Heavy Infrequent,False,True,0.4980995893420451,False
CUST0237,21,31,10224.49,12.0,33.3,3,3,3,9,Loyal / Potential,False,False,0.4825621951403618,False
CUST0238,28,10,19579.3,17.0,42.1,5,4,5,14,High Value,False,False,0.547081840209971,False
CUST0239,5,97,21385.02,10.0,33.7,2,1,5,8,Heavy Infrequent,False,True,0.6626706995053151,False
CUST0240,20,26,8892.35,16.0,32.6,3,3,3,9,Loyal / Potential,False,False,0.6665867114142625,False
CUST0241,8,101,3169.61,2.0,47.8,2,2,1,5,At Risk / Low Value,False,False,0.5157605204105223,False
CUST0242,4,109,4401.65,3.0,77.6,1,1,2,4,At Risk / Low Value,False,False,0.5910464249149562,False
CUST0243,7,133,4204.01,2.0,57.6,1,2,2,5,At Risk / Low Value,False,False,0.44341967646370045,False
CUST0244,32,5,10998.21,6.0,53.2,5,5,3,13,Loyal / Potential,False,False,0.5170875405178083,False
CUST0245,13,1,17258.85,12.0,32.5,5,3,4,12,Loyal / Potential,False,False,0.5764507643976561,False
CUST0246,7,91,3344.22,3.0,46.6,2,2,1,5,At Risk / Low Value,False,False,0.4268205867542589,False
CUST0247,28,13,9305.78,7.0,32.4,5,4,3,12,Loyal / Potential,False,False,0.546700493557674,False
CUST0248,7,144,6595.65,2.0,55.2,1,2,3,6,Loyal / Potential,False,False,0.514288185282928,False
CUST0249,6,98,4751.13,4.0,71.2,2,2,2,6,At Risk / Low Value,False,False,0.5237728668486736,False
CUST0250,7,168,2876.18,6.0,48.2,1,2,1,4,At Risk / Low Value,False,False,0.5483150806202268,False
CUST0251,19,33,5910.7,6.0,45.6,3,3,3,9,Loyal / Potential,False,False,0.7092497375525499,False
CUST0252,23,39,12978.1,9.0,39.9,2,4,4,10,Loyal / Potential,False,False,0.5762490603602577,False
CUST0253,2,119,2753.82,5.0,48.6,1,1,1,3,At Risk / Low Value,False,False,0.4905419307180055,False
CUST0254,22,3,11043.02,11.0,30.4,5,4,3,12,Loyal / Potential,False,False,0.5277415013753342,False
CUST0255,14,22,20779.99,9.0,25.6,4,3,5,12,Loyal / Potential,False,False,0.5677321393519849,False
CUST0256,37,8,5946.54,8.0,72.5,5,5,3,13,Loyal / Potential,False,False,0.5092921363562007,False
CUST0257,4,128,4146.51,1.0,43.5,1,1,2,4,At Risk / Low Value,False,False,0.4749632215093474,False
CUST0258,3,91,14396.63,12.0,42.0,2,1,4,7,Heavy Infrequent,False,False,0.9885191665198418,True
CUST0259,29,17,1664.43,9.0,66.0,4,5,1,10,Frequent Low Spend,True,False,0.5098064330765089,False
CUST0260,19,22,16002.81,12.0,35.8,4,3,4,11,Loyal / Potential,False,False,0.5485571327167206,False
CUST0261,41,1,4075.19,8.0,60.3,5,5,2,12,Frequent Low Spend,True,False,0.48763326189105854,False
CUST0262,8,162,4972.46,1.0,65.4,1,2,2,5,At Risk / Low Value,False,False,0.59781817727288,False
CUST0263,23,6,16836.78,9.0,23.3,5,4,4,13,High Value,False,False,0.5855958913187214,False
CUST0264,19,27,3592.18,3.0,72.2,3,3,1,7,Loyal / Potential,False,False,0.5333355138375334,False
CUST0265,3,111,3732.0,2.0,60.8,1,1,2,4,At Risk / Low Value,False,False,0.41257886752951756,False
CUST0266,4,51,18518.63,9.0,30.5,2,1,5,8,Heavy Infrequent,False,True,0.6285323728599124,False
CUST0267,5,135,6424.81,9.0,41.8,1,1,3,5,Loyal / Potential,False,False,0.9119593810046309,True
CUST0268,4,59,19141.01,11.0,29.0,2,1,5,8,Heavy Infrequent,False,True,0.5471302782254279,False
CUST0269,28,6,8704.95,14.0,34.5,5,4,3,12,Loyal / Potential,False,False,0.5967387151637679,False
CUST0270,17,2,8509.78,7.0,30.1,5,3,3,11,Loyal / Potential,False,False,0.6911227559201328,False
CUST0271,4,141,4803.07,1.0,59.0,1,1,2,4,At Risk / Low Value,False,False,0.5049101105572824,False
CUST0272,1,95,4069.64,7.0,59.4,2,1,2,5,At Risk / Low Value,False,False,0.564637628609092,False
CUST0273,6,169,3512.42,1.0,76.3,1,2,1,4,At Risk / Low Value,False,False,0.5856540153039625,False
CUST0274,5,157,1925.8,5.0,36.3,1,1,1,3,At Risk / Low Value,False,False,0.5982067375630641,False
CUST0275,42,15,4056.65,6.0,62.5,4,5,2,11,Frequent Low Spend,True,False,0.45098873247096705,False
CUST0276,31,20,4529.69,4.0,61.1,4,5,2,11,Frequent Low Spend,False,False,0.3819394507044488,False
CUST0277,6,91,4148.14,4.0,53.2,2,2,2,6,At Risk / Low Value,False,False,0.38808885254781345,False
CUST0278,8,144,12587.51,8.0,40.1,1,2,4,7,Heavy Infrequent,False,False,1.0898199039033691,True
CUST0279,3,118,19743.34,12.0,24.4,1,1,5,7,Heavy Infrequent,False,True,0.6116398598376493,False
CUST0280,9,158,3095.5,5.0,41.1,1,2,1,4,At Risk / Low Value,False,False,0.541203223988362,False
CUST0281,3,66,3034.19,4.0,66.7,2,1,1,4,At Risk / Low Value,False,False,0.5325109445694062,False
CUST0282,22,17,9874.92,10.0,47.7,4,4,3,11,Loyal / Potential,False,False,0.39115750219069023,False
CUST0283,34,29,10598.96,12.0,52.6,3,5,3,11,Loyal / Potential,False,False,0.563564446846277,False
CUST0284,16,20,27154.73,10.0,45.6,4,3,5,12,Loyal / Potential,False,False,1.0099658021014344,True
CUST0285,39,14,3593.8,7.0,50.4,4,5,1,10,Frequent Low Spend,True,False,0.4269963921051055,False
CUST0286,13,27,13350.77,12.0,10.7,3,3,4,10,Loyal / Potential,False,False,0.7595873588894724,False
CUST0287,32,21,3453.76,9.0,74.8,4,5,1,10,Frequent Low Spend,True,False,0.4653134316381241,False
CUST0288,30,21,4391.8,4.0,59.6,4,5,2,11,Frequent Low Spend,False,False,0.39584600968338596,False
CUST0289,35,18,6446.52,10.0,58.0,4,5,3,12,Loyal / Potential,False,False,0.532691346502278,False
CUST0290,40,26,3237.76,8.0,56.0,3,5,1,9,Frequent Low Spend,True,False,0.35682718083443565,False
CUST0291,27,28,22366.21,11.0,40.1,3,4,5,12,Loyal / Potential,False,False,0.615635130677323,False
CUST0292,21,21,20132.06,17.0,41.2,4,3,5,12,Loyal / Potential,False,False,0.5752493760416261,False
CUST0293,9,123,2697.11,1.0,75.4,1,2,1,4,At Risk / Low Value,False,False,0.5283838868040804,False
CUST0294,30,29,11787.79,6.0,57.8,3,5,4,12,Loyal / Potential,False,False,0.5050164726480303,False
CUST0295,19,21,17926.6,15.0,41.3,4,3,5,12,Loyal / Potential,False,False,0.5587777945310629,False
CUST0296,25,15,5311.78,3.0,52.7,4,4,2,10,Frequent Low Spend,False,False,0.5951729501427249,False
CUST0297,9,74,21299.86,4.0,24.9,2,2,5,9,Heavy Infrequent,False,False,0.8463911553934749,False
CUST0298,22,13,8009.03,13.0,23.8,5,4,3,12,Loyal / Potential,False,False,0.5520483615066032,False
CUST0299,28,1,3197.51,8.0,89.7,5,4,1,10,Frequent Low Spend,True,False,0.6821691095708593,False
CUST0300,26,19,23195.25,14.0,37.4,4,4,5,13,High Value,False,False,0.46672193629570147,False
CUST0301,30,11,22976.14,13.0,36.8,5,5,5,15,High Value,False,False,0.5820826907900392,False
CUST0302,27,32,1796.84,6.0,86.0,3,4,1,8,Frequent Low Spend,True,False,0.6910567648451731,False
CUST0303,25,25,3788.66,3.0,71.2,3,4,2,9,Frequent Low Spend,False,False,0.3216761319742696,False
CUST0304,7,143,18413.0,13.0,40.9,1,2,5,8,Heavy Infrequent,False,False,0.8383933641574857,False
CUST0305,5,120,19285.07,8.0,46.4,1,1,5,7,Heavy Infrequent,False,True,0.860247146806711,False
CUST0306,2,70,3822.31,2.0,51.9,2,1,2,5,At Risk / Low Value,False,False,0.5119342151264131,False
CUST0307,25,18,3405.22,5.0,72.0,4,4,1,9,Frequent Low Spend,False,False,0.38953348303520113,False
CUST0308,32,22,6681.15,9.0,30.8,4,5,3,12,Loyal / Potential,False,False,0.6994297536341196,False
CUST0309,5,103,3752.56,5.0,49.3,2,1,2,5,At Risk / Low Value,False,False,0.3882985925170432,False
CUST0310,21,12,9137.96,14.0,44.5,5,3,3,11,Loyal / Potential,False,False,0.4344361838264293,False
CUST0311,38,13,4372.5,9.0,76.2,5,5,2,12,Frequent Low Spend,False,False,0.38650775272929916,False
CUST0312,22,22,24396.49,13.0,44.5,4,4,5,13,High Value,False,False,0.7154135080638875,False
CUST0313,24,18,19289.96,11.0,38.6,4,4,5,13,High Value,False,False,0.5402394251426236,False
CUST0314,3,82,2681.2,4.0,71.6,2,1,1,4,At Risk / Low Value,False,False,0.49558542211112633,False
CUST0315,5,120,4292.01,6.0,63.3,1,1,2,4,At Risk / Low Value,False,False,0.5204828978893937,False
CUST0316,6,59,26176.24,10.0,31.0,2,2,5,9,Heavy Infrequent,False,True,0.785692140443783,False
CUST0317,19,8,8948.97,6.0,53.4,5,3,3,11,Loyal / Potential,False,False,0.5381670173572323,False
CUST0318,14,1,17921.51,11.0,13.5,5,3,5,13,Loyal / Potential,False,False,0.7570127973995896,False
CUST0319,21,2,19042.65,14.0,31.5,5,3,5,13,Loyal / Potential,False,False,0.6372759146756772,False
CUST0320,16,41,6418.88,14.0,44.9,2,3,3,8,Loyal / Potential,False,False,0.7207130632135895,False
CUST0321,39,26,4312.49,8.0,58.1,3,5,2,10,Frequent Low Spend,False,False,0.35713619376736916,False
CUST0322,3,82,20596.67,12.0,35.5,2,1,5,8,Heavy Infrequent,False,True,0.5374155102881633,False
CUST0323,9,144,18469.69,6.0,49.8,1,2,5,8,Heavy Infrequent,False,False,1.139478806805223,True
CUST0324,18,4,12188.39,9.0,55.1,5,3,4,12,Loyal / Potential,False,False,0.42552291663466074,False
CUST0325,6,158,3972.69,6.0,69.8,1,2,2,5,At Risk / Low Value,False,False,0.39091070325895083,False
CUST0326,6,103,14624.87,9.0,12.5,2,2,4,8,Heavy Infrequent,False,False,0.6408207398776076,False
CUST0327,42,20,4980.48,7.0,75.7,4,5,2,11,Frequent Low Spend,False,False,0.43815082628198887,False
CUST0328,41,16,3744.12,4.0,72.5,4,5,2,11,Frequent Low Spend,True,False,0.5900238578774566,False
CUST0329,18,24,11752.94,8.0,42.4,3,3,4,10,Loyal / Potential,False,False,0.42554400764952155,False
CUST0330,28,19,10803.56,11.0,51.3,4,4,3,11,Loyal / Potential,False,False,0.5541490372525472,False
CUST0331,26,30,9679.44,9.0,25.5,3,4,3,10,Loyal / Potential,False,False,0.6572724939947321,False
CUST0332,2,84,25532.79,4.0,9.0,2,1,5,8,Heavy Infrequent,False,True,0.9164508477999703,True
CUST0333,28,27,20470.68,16.0,42.7,3,4,5,12,Loyal / Potential,False,False,0.5683164380275476,False
CUST0334,24,1,20793.0,8.0,32.3,5,4,5,14,High Value,False,False,0.7233055144863376,False
CUST0335,27,15,17094.06,19.0,23.4,4,4,4,12,High Value,False,False,0.5107362053922557,False
CUST0336,20,26,14162.24,12.0,16.5,3,3,4,10,Loyal / Potential,False,False,0.6496190352437877,False
CUST0337,2,62,2866.67,1.0,81.5,2,1,1,4,At Risk / Low Value,False,False,0.3945804095610007,False
CUST0338,4,146,22857.19,6.0,16.7,1,1,5,7,Heavy Infrequent,False,True,0.819576765699318,False
CUST0339,31,26,4513.6,4.0,87.5,3,5,2,10,Frequent Low Spend,False,False,0.582495153058176,False
CUST0340,15,6,15869.2,17.0,12.8,5,3,4,12,Loyal / Potential,False,False,0.5966114863802403,False
CUST0341,24,1,3725.77,6.0,76.3,5,4,1,10,Frequent Low Spend,False,False,0.45426857471979093,False
CUST0342,21,21,3000.69,8.0,61.3,4,3,1,8,Loyal / Potential,False,False,0.4822216861593251,False
CUST0343,21,22,14488.07,19.0,37.5,4,3,4,11,Loyal / Potential,False,False,0.6093410662604178,False
CUST0344,27,16,3173.12,8.0,67.2,4,4,1,9,Frequent Low Spend,True,False,0.528835336643879,False
CUST0345,27,6,9452.99,13.0,22.1,5,4,3,12,Loyal / Potential,False,False,0.5926239553375329,False
CUST0346,35,21,3252.79,6.0,62.6,4,5,1,10,Frequent Low Spend,True,False,0.42995284489266145,False
CUST0347,4,36,18245.82,11.0,29.7,3,1,5,9,Heavy Infrequent,False,True,0.6158060797265955,False
CUST0348,26,16,17052.0,14.0,23.8,4,4,4,12,High Value,False,False,0.5277755616316455,False
CUST0349,26,14,11247.38,15.0,28.6,4,4,4,12,High Value,False,False,0.656553928862508,False
CUST0350,34,19,2745.71,5.0,88.9,4,5,1,10,Frequent Low Spend,True,False,0.5308784072957525,False
CUST0351,29,33,3573.24,4.0,53.6,3,5,1,9,Frequent Low Spend,True,False,0.5357918159768624,False
CUST0352,6,178,2849.8,1.0,61.2,1,2,1,4,At Risk / Low Value,False,False,0.7370480162799311,False
CUST0353,6,90,21144.08,12.0,40.6,2,2,5,9,Heavy Infrequent,False,True,0.5160398874734811,False
CUST0354,28,17,20772.42,9.0,12.9,4,4,5,13,High Value,False,False,0.6932380922303502,False
CUST0355,17,2,12934.64,9.0,33.2,5,3,4,12,Loyal / Potential,False,False,0.548428012050729,False
CUST0356,2,95,18710.08,13.0,25.8,2,1,5,8,Heavy Infrequent,False,True,0.6785428619369458,False
CUST0357,27,19,20476.62,15.0,37.5,4,4,5,13,High Value,False,False,0.44981997562105736,False
CUST0358,23,10,6057.5,5.0,52.1,5,4,3,12,Loyal / Potential,False,False,0.5598527307480063,False
CUST0359,1,123,4510.94,2.0,51.5,1,1,2,4,At Risk / Low Value,False,False,0.4328716911705346,False
CUST0360,31,22,3637.28,9.0,58.2,4,5,1,10,Frequent Low Spend,True,False,0.4537995428996415,False
CUST0361,35,15,8858.02,15.0,53.8,4,5,3,12,Loyal / Potential,False,False,0.6685649702669407,False
CUST0362,2,92,11184.05,5.0,7.9,2,1,4,7,Heavy Infrequent,False,False,0.9875013252981069,True
CUST0363,20,8,3238.54,5.0,54.2,5,3,1,9,Loyal / Potential,False,False,0.48510546016659006,False
CUST0364,37,23,2483.86,3.0,65.9,3,5,1,9,Frequent Low Spend,True,False,0.4553599578985586,False
CUST0365,3,128,1303.08,4.0,72.9,1,1,1,3,At Risk / Low Value,False,False,0.5985979835361981,False
CUST0366,19,21,9941.43,13.0,55.9,4,3,3,10,Loyal / Potential,False,False,0.5588777135780221,False
CUST0367,8,141,4081.68,4.0,43.3,1,2,2,5,At Risk / Low Value,False,False,0.5927403423657526,False
CUST0368,3,168,2484.37,3.0,79.9,1,1,1,3,At Risk / Low Value,False,False,0.5842937300913118,False
CUST0369,25,40,15096.07,12.0,28.3,2,4,4,10,Loyal / Potential,False,False,0.7136109088474119,False
CUST0370,16,28,18731.23,18.0,21.0,3,3,5,11,Loyal / Potential,False,False,0.6280067337012681,False
CUST0371,17,14,18096.88,8.0,24.6,4,3,5,12,Loyal / Potential,False,False,0.6119020290846594,False
CUST0372,24,2,23648.88,11.0,44.9,5,4,5,14,High Value,False,False,0.7388302108964148,False
CUST0373,16,25,15991.59,12.0,44.1,3,3,4,10,Loyal / Potential,False,False,0.642272690103167,False
CUST0374,5,122,21793.45,12.0,41.9,1,2,5,8,Heavy Infrequent,False,True,0.5895687751167772,False
CUST0375,29,6,13973.83,18.0,41.5,5,5,4,14,High Value,False,False,0.7308109682953934,False
CUST0376,26,44,12007.73,14.0,36.1,2,4,4,10,Loyal / Potential,False,False,0.7545759836237923,False
CUST0377,2,145,2901.97,2.0,47.2,1,1,1,3,At Risk / Low Value,False,False,0.4962544194582409,False
CUST0378,12,21,21970.75,10.0,15.0,4,2,5,11,Heavy Infrequent,False,False,0.6953301409661098,False
CUST0379,9,110,5438.45,1.0,56.8,1,2,2,5,At Risk / Low Value,False,False,0.6096213102019765,False
CUST0380,31,5,8790.89,8.0,21.4,5,5,3,13,Loyal / Potential,False,False,0.7338111650678096,False
CUST0381,27,2,22778.7,19.0,33.9,5,4,5,14,High Value,False,False,0.8680879886369182,False
CUST0382,7,102,13393.1,7.0,15.2,2,2,4,8,Heavy Infrequent,False,False,0.6768206207245835,False
CUST0383,25,23,3775.74,4.0,70.5,3,4,2,9,Frequent Low Spend,False,False,0.332162495641403,False
CUST0384,6,74,2786.99,7.0,38.4,2,2,1,5,At Risk / Low Value,False,False,0.6632860412915824,False
CUST0385,2,146,26289.78,7.0,44.2,1,1,5,7,Heavy Infrequent,False,True,1.099062836981631,True
CUST0386,7,68,2881.2,3.0,38.0,2,2,1,5,At Risk / Low Value,False,False,0.6351943301830574,False
CUST0387,29,18,11390.37,12.0,27.6,4,5,4,13,High Value,False,False,0.5592286227693838,False
CUST0388,13,24,19384.71,13.0,17.9,3,3,5,11,Loyal / Potential,False,False,0.7123138190096908,False
CUST0389,6,101,17808.61,7.0,5.8,2,2,4,8,Heavy Infrequent,False,True,0.6006016467914759,False
CUST0390,8,147,2283.51,6.0,80.9,1,2,1,4,At Risk / Low Value,False,False,0.6413988616170889,False
CUST0391,7,81,2977.73,3.0,76.3,2,2,1,5,At Risk / Low Value,False,False,0.4625226580415031,False
CUST0392,33,9,11151.29,9.0,64.2,5,5,4,14,High Value,False,False,0.524863022109384,False
CUST0393,28,9,11455.06,8.0,59.3,5,4,4,13,High Value,False,False,0.4662176744863002,False
CUST0394,7,149,16366.22,9.0,10.4,1,2,4,7,Heavy Infrequent,False,False,0.6653610139288315,False
CUST0395,18,40,5759.55,10.0,33.4,2,3,2,7,Loyal / Potential,False,False,0.821354710849332,False
CUST0396,9,127,4133.96,3.0,80.1,1,2,2,5,At Risk / Low Value,False,False,0.5767874092712808,False
CUST0397,8,61,4640.37,1.0,84.5,2,2,2,6,At Risk / Low Value,False,False,0.5854546986450071,False
CUST0398,30,29,13263.35,6.0,32.8,3,5,4,12,Loyal / Potential,False,False,0.7122008659489631,False
CUST0399,5,64,23261.76,8.0,28.5,2,2,5,9,Heavy Infrequent,False,True,0.7137212816291403,False
CUST0400,6,77,15577.41,7.0,14.9,2,2,4,8,Heavy Infrequent,False,False,0.6311040303732675,False
CUST0401,23,1,18726.35,16.0,33.4,5,4,5,14,High Value,False,False,0.521427399090383,False
CUST0402,1,157,5550.99,1.0,36.3,1,1,2,4,At Risk / Low Value,False,False,0.6892521735337531,False
CUST0403,40,12,3924.18,9.0,74.1,5,5,2,12,Frequent Low Spend,True,False,0.37983522587869023,False
CUST0404,4,152,4550.61,6.0,65.4,1,1,2,4,At Risk / Low Value,False,False,0.4284532911468852,False
CUST0405,33,38,13107.92,9.0,50.4,2,5,4,11,Loyal / Potential,False,False,0.7328794188022634,False
CUST0406,4,81,4390.55,4.0,59.4,2,1,2,5,At Risk / Low Value,False,False,0.48566561857661006,False
CUST0407,26,2,9043.21,14.0,42.8,5,4,3,12,Loyal / Potential,False,False,0.48808126122376205,False
CUST0408,17,6,11000.09,13.0,18.9,5,3,3,11,Loyal / Potential,False,False,0.5704844031906184,False
CUST0409,1,120,2765.88,3.0,48.8,1,1,1,3,At Risk / Low Value,False,False,0.5054253977834244,False
CUST0410,12,25,17851.85,8.0,31.8,3,2,5,10,Heavy Infrequent,False,False,0.5802107186498213,False
CUST0411,28,35,6666.52,6.0,43.2,3,4,3,10,Loyal / Potential,False,False,0.7532764165230307,False
CUST0412,6,108,500.0,6.0,37.5,1,2,1,4,At Risk / Low Value,False,False,0.7007113612505389,False
CUST0413,8,102,2918.04,7.0,75.1,2,2,1,5,At Risk / Low Value,False,False,0.7071039533255368,False
CUST0414,34,9,4775.45,7.0,61.4,5,5,2,12,Frequent Low Spend,False,False,0.4731407092870832,False
CUST0415,2,117,24191.2,10.0,44.3,1,1,5,7,Heavy Infrequent,False,True,0.7370330299063292,False
CUST0416,30,11,4086.37,8.0,89.7,5,5,2,12,Frequent Low Spend,False,False,0.6186221826568088,False
CUST0417,27,1,12757.25,13.0,60.8,5,4,4,13,High Value,False,False,0.7592749519661156,False
CUST0418,35,12,7939.43,6.0,57.1,5,5,3,13,Loyal / Potential,False,False,0.5607833665508225,False
CUST0419,8,121,16584.69,10.0,6.8,1,2,4,7,Heavy Infrequent,False,False,0.7210142153881106,False
CUST0420,5,111,19733.97,5.0,10.2,1,2,5,8,Heavy Infrequent,False,True,0.4817231346680028,False
CUST0421,1,95,2434.22,4.0,62.5,2,1,1,4,At Risk / Low Value,False,False,0.5305389205410496,False
CUST0422,1,156,3131.74,4.0,39.0,1,1,1,3,At Risk / Low Value,False,False,0.6412126883483374,False
CUST0423,26,9,18674.62,16.0,32.6,5,4,5,14,High Value,False,False,0.44648901013814585,False
CUST0424,36,11,4441.94,7.0,50.4,5,5,2,12,Frequent Low Spend,False,False,0.5140335916866231,False
CUST0425,29,19,18826.9,19.0,16.0,4,5,5,14,High Value,False,False,0.5856931469371863,False
CUST0426,23,27,4758.94,7.0,86.1,3,4,2,9,Frequent Low Spend,False,False,0.6183574070064005,False
CUST0427,23,3,2856.27,3.0,77.8,5,4,1,10,Frequent Low Spend,False,False,0.568306511526818,False
CUST0428,3,166,3630.27,1.0,39.2,1,1,1,3,At Risk / Low Value,False,False,0.6391929474381621,False
CUST0429,29,26,9115.8,13.0,49.4,3,5,3,11,Loyal / Potential,False,False,0.45558448315334205,False
CUST0430,22,18,12059.91,11.0,33.6,4,4,4,12,High Value,False,False,0.398636050737698,False
CUST0431,20,21,19049.45,19.0,37.9,4,3,5,12,Loyal / Potential,False,False,0.6288577051554509,False
CUST0432,4,96,24255.97,12.0,24.4,2,1,5,8,Heavy Infrequent,False,True,0.7514262428858298,False
CUST0433,25,11,2164.34,3.0,45.6,5,4,1,10,Frequent Low Spend,False,False,0.7392378675093607,False
CUST0434,12,24,22684.98,14.0,27.9,3,2,5,10,Heavy Infrequent,False,False,0.7180233603177096,False
CUST0435,16,7,14142.38,17.0,32.6,5,3,4,12,Loyal / Potential,False,False,0.624701736835115,False
CUST0436,5,64,16849.22,4.0,9.6,2,2,4,8,Heavy Infrequent,False,True,0.9290673138631851,True
CUST0437,16,8,13062.6,19.0,29.6,5,3,4,12,Loyal / Potential,False,False,0.6690549362308122,False
CUST0438,4,172,2789.04,5.0,83.6,1,1,1,3,At Risk / Low Value,False,False,0.5890767724549483,False
CUST0439,7,149,19139.76,7.0,9.5,1,2,5,8,Heavy Infrequent,False,False,0.6517805439623778,False
CUST0440,25,22,19672.75,18.0,23.6,4,4,5,13,High Value,False,False,0.5996669289732753,False
CUST0441,21,19,10784.87,12.0,39.2,4,3,3,10,Loyal / Potential,False,False,0.4432074762749953,False
CUST0442,5,101,9272.13,4.0,50.7,2,2,3,7,Loyal / Potential,False,False,0.7847247639276187,False
CUST0443,20,4,9531.51,9.0,21.4,5,3,3,11,Loyal / Potential,False,False,0.7291800180586842,False
CUST0444,30,22,9843.61,9.0,64.1,4,5,3,12,Loyal / Potential,False,False,0.4380078049565549,False
CUST0445,9,108,1978.36,5.0,76.7,1,2,1,4,At Risk / Low Value,False,False,0.6460118017629983,False
CUST0446,3,62,3647.99,2.0,76.3,2,1,1,4,At Risk / Low Value,False,False,0.3619099522506037,False
CUST0447,3,172,5939.95,5.0,83.3,1,1,3,5,Loyal / Potential,False,False,0.7214961852641055,False
CUST0448,8,97,19426.77,6.0,12.4,2,2,5,9,Heavy Infrequent,False,False,0.5497530217118959,False
CUST0449,17,13,9048.37,8.0,55.2,5,3,3,11,Loyal / Potential,False,False,0.40064881747975145,False
CUST0450,14,28,27336.65,9.0,31.8,3,3,5,11,Loyal / Potential,False,False,0.8899964151916839,True
CUST0451,2,53,12852.25,8.0,11.7,2,1,4,7,Heavy Infrequent,False,False,0.8681761321108171,False
CUST0452,22,17,4496.7,7.0,71.7,4,4,2,10,Frequent Low Spend,False,False,0.4054195432548486,False
CUST0453,33,27,10058.23,11.0,25.9,3,5,3,11,Loyal / Potential,False,False,0.592492811118078,False
CUST0454,7,151,4061.23,5.0,74.7,1,2,2,5,At Risk / Low Value,False,False,0.4655996907644117,False
CUST0455,20,14,18075.12,19.0,26.9,4,3,5,12,Loyal / Potential,False,False,0.6100982946379456,False
CUST0456,23,11,4653.71,3.0,72.5,5,4,2,11,Frequent Low Spend,False,False,0.4246679564584424,False
CUST0457,26,27,9457.3,9.0,35.4,3,4,3,10,Loyal / Potential,False,False,0.4751107733545471,False
CUST0458,38,14,7137.75,5.0,66.3,4,5,3,12,Loyal / Potential,False,False,0.6270559578181096,False
CUST0459,30,15,19658.79,10.0,17.0,4,5,5,14,High Value,False,False,0.6573948448635905,False
CUST0460,20,8,23967.68,11.0,10.1,5,3,5,13,Loyal / Potential,False,False,0.887911654765903,False
CUST0461,28,17,13907.09,13.0,19.0,4,4,4,12,High Value,False,False,0.6237323933291883,False
CUST0462,6,42,15027.87,10.0,5.9,2,2,4,8,Heavy Infrequent,False,False,0.833696449139451,False
CUST0463,9,51,24620.56,9.0,28.7,2,2,5,9,Heavy Infrequent,False,False,0.6698266372225998,False
CUST0464,38,16,4947.53,6.0,82.2,4,5,2,11,Frequent Low Spend,False,False,0.4927132748894117,False
CUST0465,8,94,4643.75,7.0,35.1,2,2,2,6,At Risk / Low Value,False,False,0.5881274474826068,False
CUST0466,17,1,10628.79,9.0,57.5,5,3,3,11,Loyal / Potential,False,False,0.38174240324013625,False
CUST0467,15,15,10427.04,10.0,57.0,4,3,3,10,Loyal / Potential,False,False,0.45443754320180185,False
CUST0468,9,60,2787.39,4.0,70.0,2,2,1,5,At Risk / Low Value,False,False,0.6527394666439827,False
CUST0469,22,23,7695.47,9.0,38.3,3,4,3,10,Loyal / Potential,False,False,0.5143632603440179,False
CUST0470,6,134,3471.17,3.0,62.5,1,2,1,4,At Risk / Low Value,False,False,0.4285638773877111,False
CUST0471,25,28,24900.47,10.0,28.3,3,4,5,12,Loyal / Potential,False,False,0.7537688795671557,False
CUST0472,2,99,4306.47,1.0,60.0,2,1,2,5,At Risk / Low Value,False,False,0.4058382079671439,False
CUST0473,21,28,17283.16,8.0,34.9,3,3,4,10,Loyal / Potential,False,False,0.7090418491439994,False
CUST0474,8,170,3599.02,7.0,46.6,1,2,1,4,At Risk / Low Value,False,False,0.6310392812340664,False
CUST0475,24,3,4829.47,7.0,73.3,5,4,2,11,Frequent Low Spend,False,False,0.4424963357027649,False
CUST0476,7,124,3267.41,1.0,67.0,1,2,1,4,At Risk / Low Value,False,False,0.5391797517485573,False
CUST0477,24,21,16374.15,16.0,14.3,4,4,4,12,High Value,False,False,0.6651650445821058,False
CUST0478,34,23,2617.13,8.0,68.2,3,5,1,9,Frequent Low Spend,True,False,0.5013008265568364,False
CUST0479,4,131,5962.6,2.0,47.1,1,1,3,5,Loyal / Potential,False,False,0.41179407000606627,False
CUST0480,31,24,4818.19,9.0,72.1,3,5,2,10,Frequent Low Spend,False,False,0.5116468295605862,False
CUST0481,21,13,4226.3,6.0,69.9,5,3,2,10,Loyal / Potential,False,False,0.4046883570441535,False
CUST0482,7,63,21137.28,5.0,42.1,2,2,5,9,Heavy Infrequent,False,False,0.7379767643210837,False
CUST0483,28,12,3129.73,3.0,70.4,5,4,1,10,Frequent Low Spend,True,False,0.40868417784021294,False
CUST0484,43,18,3786.29,8.0,78.3,4,5,2,11,Frequent Low Spend,True,False,0.363668915574629,False
CUST0485,40,24,4825.1,7.0,87.2,3,5,2,10,Frequent Low Spend,False,False,0.49149295128966575,False
CUST0486,9,124,2459.44,3.0,48.5,1,2,1,4,At Risk / Low Value,False,False,0.6054819810247714,False
CUST0487,13,12,21434.05,10.0,25.2,5,3,5,13,Loyal / Potential,False,False,0.6017943160811361,False
CUST0488,31,6,9833.07,13.0,63.4,5,5,3,13,Loyal / Potential,False,False,0.6804031105305539,False
CUST0489,5,76,3421.34,1.0,81.5,2,2,1,5,At Risk / Low Value,False,False,0.3345565993897993,False
CUST0490,9,179,5878.03,7.0,35.2,1,2,3,6,Loyal / Potential,False,False,0.861337954812943,False
CUST0491,40,21,4965.4,3.0,61.1,4,5,2,11,Frequent Low Spend,False,False,0.5587568725401308,False
CUST0492,28,17,5236.13,6.0,78.1,4,4,2,10,Frequent Low Spend,False,False,0.5253138979536905,False
CUST0493,23,21,14430.5,10.0,22.2,4,4,4,12,High Value,False,False,0.6187548083622207,False
CUST0494,19,39,8597.38,14.0,41.4,2,3,3,8,Loyal / Potential,False,False,0.6052906019778215,False
CUST0495,33,18,5270.7,3.0,52.1,4,5,2,11,Frequent Low Spend,False,False,0.49282603382856155,False
CUST0496,23,13,10887.79,7.0,44.8,5,4,3,12,Loyal / Potential,False,False,0.5458807072949335,False
CUST0497,21,31,3168.83,8.0,68.9,3,3,1,7,Loyal / Potential,False,False,0.4120058502786139,False
CUST0498,12,4,23668.18,14.0,31.3,5,2,5,12,Heavy Infrequent,False,False,0.8147143231583385,False
CUST0499,2,68,3951.69,2.0,71.9,2,1,2,5,At Risk / Low Value,False,False,0.45293026620349297,False
CUST0500,6,167,2417.54,4.0,54.8,1,2,1,4,At Risk / Low Value,False,False,0.6890100670701302,False
