Employee_ID,Department,Training_Status,Training_Duration,Course_Type,Training_Attendance,Pre_Training_Performance,Post_Training_Performance
EMP001,Finance,Trained,20,Technical,84.0,69.8,87.3
EMP002,Operations,Trained,8,Leadership,87.0,72.5,84.3
EMP003,Sales,Trained,24,Communication,97.0,70.2,85.5
EMP004,HR,Trained,20,Technical,79.0,82.6,94.3
EMP005,IT,Untrained,0,None,0.0,72.3,78.5
EMP006,IT,Untrained,0,None,0.0,66.7,67.1
EMP007,IT,Trained,20,Leadership,86.0,72.2,80.1
EMP008,Operations,Trained,40,Leadership,98.0,72.4,86.2
EMP009,Sales,Untrained,0,None,0.0,68.5,63.6
EMP010,Sales,Trained,4,Communication,86.0,68.4,73.6
EMP011,IT,Trained,40,Technical,74.0,64.0,78.6
EMP012,Operations,Trained,40,Technical,93.0,60.4,77.9
EMP013,Operations,Trained,40,Productivity,92.0,53.0,67.3
EMP014,IT,Untrained,0,None,0.0,88.5,91.4
EMP015,IT,Untrained,0,None,0.0,58.6,57.9
EMP016,IT,Trained,4,Technical,88.0,64.1,71.6
EMP017,Finance,Trained,16,Communication,88.0,62.8,70.3
EMP018,HR,Trained,4,Leadership,100.0,77.9,80.0
EMP019,Finance,Trained,36,Technical,85.0,67.1,79.8
EMP020,IT,Trained,4,Technical,89.0,83.5,90.3
EMP021,Sales,Trained,12,Communication,91.0,61.3,75.4
EMP022,IT,Untrained,0,None,0.0,73.8,72.1
EMP023,IT,Trained,36,Technical,82.0,62.6,72.2
EMP024,Finance,Trained,24,Technical,88.0,91.5,100.0
EMP025,Finance,Untrained,0,None,0.0,58.1,58.4
EMP026,Sales,Untrained,0,None,0.0,71.1,71.8
EMP027,IT,Trained,8,Technical,87.0,77.3,84.8
EMP028,HR,Trained,36,Technical,80.0,73.1,82.2
EMP029,HR,Trained,12,Communication,97.0,67.1,75.5
EMP030,IT,Trained,30,Technical,72.0,69.7,84.3
EMP031,Sales,Trained,12,Communication,81.0,68.4,82.4
EMP032,IT,Untrained,0,None,0.0,69.5,74.3
EMP033,IT,Trained,8,Technical,100.0,80.6,88.4
EMP034,Operations,Trained,24,Technical,85.0,89.1,96.4
EMP035,Operations,Trained,12,Communication,81.0,61.4,70.1
EMP036,Sales,Trained,12,Productivity,100.0,54.3,59.5
EMP037,Finance,Untrained,0,None,0.0,69.1,72.5
EMP038,IT,Untrained,0,None,0.0,95.0,96.0
EMP039,Sales,Trained,20,Communication,90.0,60.0,69.5
EMP040,Finance,Trained,30,Technical,81.0,86.4,92.4
EMP041,IT,Trained,40,Technical,77.0,87.8,100.0
EMP042,HR,Trained,4,Productivity,92.0,63.5,69.6
EMP043,IT,Trained,30,Technical,88.0,76.7,85.3
EMP044,Operations,Trained,24,Technical,81.0,83.3,84.9
EMP045,IT,Trained,40,Technical,74.0,67.2,79.3
EMP046,Sales,Trained,4,Technical,94.0,66.0,80.3
EMP047,Finance,Trained,16,Technical,92.0,64.2,80.6
EMP048,HR,Trained,40,Communication,85.0,58.9,70.2
EMP049,HR,Trained,16,Leadership,100.0,62.5,72.1
EMP050,IT,Trained,12,Productivity,76.0,58.8,68.5
EMP051,Operations,Trained,40,Productivity,72.0,67.3,75.4
EMP052,Sales,Untrained,0,None,0.0,60.3,58.4
EMP053,Operations,Trained,16,Technical,86.0,69.3,82.0
EMP054,Operations,Trained,24,Leadership,88.0,51.4,67.9
EMP055,HR,Trained,8,Communication,84.0,72.3,79.1
EMP056,Operations,Trained,36,Technical,89.0,75.3,87.6
EMP057,IT,Trained,36,Communication,75.0,51.1,60.1
EMP058,IT,Trained,4,Leadership,99.0,74.7,80.2
EMP059,IT,Untrained,0,None,0.0,83.3,86.6
EMP060,Finance,Trained,40,Leadership,96.0,57.9,73.4
EMP061,Finance,Trained,20,Technical,89.0,86.7,100.0
EMP062,IT,Trained,24,Productivity,90.0,75.2,84.0
EMP063,Operations,Trained,16,Communication,,59.9,74.9
EMP064,Finance,Trained,8,Technical,90.0,69.4,77.4
EMP065,IT,Untrained,0,None,0.0,76.6,76.6
EMP066,HR,Trained,24,Leadership,98.0,69.8,80.1
EMP067,IT,Untrained,0,None,0.0,76.4,79.2
EMP068,Sales,Untrained,0,None,0.0,58.8,54.3
EMP069,IT,Trained,4,Leadership,85.0,72.7,81.9
EMP070,Operations,Trained,20,Technical,99.0,52.9,65.3
EMP071,Sales,Trained,24,Technical,80.0,66.9,78.6
EMP072,IT,Trained,20,Leadership,100.0,62.0,76.1
EMP073,IT,Trained,24,Communication,86.0,63.6,69.9
EMP074,Sales,Trained,24,Technical,73.0,80.4,88.9
EMP075,Sales,Trained,30,Technical,87.0,78.9,93.6
EMP076,Sales,Trained,16,Productivity,80.0,74.1,78.8
EMP077,Sales,Untrained,0,None,0.0,57.1,56.9
EMP078,IT,Trained,30,Leadership,80.0,67.8,74.9
EMP079,Finance,Untrained,0,None,0.0,82.1,86.4
EMP080,IT,Trained,30,Technical,69.0,72.4,82.9
EMP081,Operations,Trained,12,Technical,82.0,90.2,93.0
EMP082,Sales,Trained,12,Productivity,64.0,71.9,82.0
EMP083,Finance,Trained,36,Technical,72.0,71.9,81.0
EMP084,IT,Untrained,0,None,0.0,67.9,66.0
EMP085,Finance,Untrained,0,None,,71.3,74.7
EMP086,Finance,Untrained,0,None,0.0,68.5,73.9
EMP087,Sales,Trained,24,Communication,77.0,75.1,81.7
EMP088,Sales,Trained,8,Productivity,86.0,77.6,85.2
EMP089,Operations,Untrained,0,None,0.0,59.1,59.7
EMP090,Finance,Untrained,0,None,0.0,56.7,58.3
EMP091,IT,Untrained,0,None,0.0,52.6,51.0
EMP092,Sales,Trained,24,Productivity,94.0,73.1,83.9
EMP093,Sales,Trained,4,Productivity,84.0,57.0,61.7
EMP094,HR,Untrained,0,None,0.0,47.5,48.3
EMP095,Sales,Trained,24,Communication,88.0,71.9,79.6
EMP096,HR,Untrained,0,None,0.0,93.9,94.1
EMP097,HR,Untrained,0,None,0.0,68.9,68.1
EMP098,Finance,Trained,8,Productivity,80.0,78.4,88.0
EMP099,IT,Untrained,0,None,0.0,71.8,72.0
EMP100,IT,Untrained,0,None,0.0,70.0,69.4
EMP101,IT,Trained,20,Leadership,100.0,80.2,93.7
EMP102,Sales,Untrained,0,None,0.0,65.1,70.5
EMP103,Finance,Trained,24,Technical,81.0,72.7,84.1
EMP104,HR,Untrained,0,None,0.0,72.2,71.8
EMP105,Operations,Trained,12,Technical,99.0,60.3,70.8
EMP106,IT,Untrained,0,None,0.0,80.9,80.3
EMP107,Finance,Trained,4,Technical,87.0,68.3,74.0
EMP108,Sales,Trained,16,Leadership,80.0,60.4,67.4
EMP109,IT,Untrained,0,None,0.0,76.4,76.5
EMP110,IT,Trained,4,Leadership,90.0,62.0,66.8
EMP111,IT,Trained,24,Communication,94.0,71.3,83.4
EMP112,IT,Untrained,0,None,0.0,70.9,68.0
EMP113,Operations,Untrained,0,None,0.0,77.9,74.7
EMP114,Sales,Trained,12,Leadership,81.0,72.7,80.1
EMP115,Sales,Trained,4,Communication,98.0,67.7,74.7
EMP116,Operations,Trained,24,Productivity,88.0,75.2,81.4
EMP117,Sales,Trained,8,Communication,100.0,81.9,93.0
EMP118,IT,Trained,36,Technical,80.0,76.6,88.4
EMP119,Operations,Trained,20,Technical,100.0,67.1,79.2
EMP120,HR,Untrained,0,None,0.0,55.9,55.0
EMP121,Sales,Untrained,0,None,0.0,57.3,55.7
EMP122,Operations,Untrained,0,None,0.0,63.9,62.7
EMP123,Finance,Trained,8,Leadership,83.0,63.9,70.5
EMP124,IT,Trained,16,Communication,90.0,69.1,82.4
EMP125,IT,Trained,4,Technical,91.0,71.6,80.0
EMP126,Finance,Trained,20,Communication,81.0,75.3,80.0
EMP127,Sales,Trained,40,Technical,86.0,67.3,83.6
EMP128,Operations,Untrained,0,None,0.0,71.9,73.1
EMP129,IT,Trained,40,Communication,100.0,71.6,91.2
EMP130,HR,Trained,36,Leadership,90.0,49.2,66.5
EMP131,Finance,Trained,24,Communication,86.0,60.6,70.6
EMP132,IT,Untrained,0,None,0.0,69.6,69.3
EMP133,IT,Trained,12,Technical,92.0,58.9,69.6
EMP134,Finance,Trained,4,Productivity,77.0,76.0,84.4
EMP135,Operations,Trained,20,Communication,84.0,82.3,93.1
EMP136,Finance,Untrained,0,None,0.0,82.2,84.0
EMP137,HR,Trained,20,Technical,90.0,66.9,76.5
EMP138,Sales,Untrained,0,None,0.0,82.9,82.9
EMP139,Finance,Untrained,0,None,0.0,71.5,79.9
EMP140,Operations,Trained,8,Technical,100.0,63.6,72.5
EMP141,Operations,Trained,12,Productivity,75.0,60.9,65.8
EMP142,IT,Untrained,0,None,0.0,68.0,70.0
EMP143,HR,Trained,4,Productivity,88.0,65.1,79.0
EMP144,Finance,Trained,36,Leadership,95.0,71.7,81.5
EMP145,IT,Untrained,0,None,0.0,72.6,74.0
EMP146,IT,Untrained,0,None,0.0,71.0,70.3
EMP147,Sales,Untrained,0,None,0.0,72.4,73.7
EMP148,HR,Untrained,0,,0.0,80.9,80.2
EMP149,IT,Trained,12,Productivity,84.0,80.5,85.0
EMP150,IT,Trained,20,Communication,94.0,56.2,69.2
EMP151,Operations,Untrained,0,,0.0,41.5,43.6
EMP152,IT,Trained,20,Productivity,72.0,80.3,91.9
EMP153,IT,Trained,12,Technical,99.0,57.3,72.4
EMP154,HR,Untrained,0,None,0.0,66.8,67.2
EMP155,Operations,Trained,40,Technical,80.0,55.3,70.5
EMP156,IT,Trained,40,Productivity,90.0,53.0,67.9
EMP157,Sales,Trained,8,Productivity,90.0,73.4,82.0
EMP158,Sales,Trained,36,Technical,88.0,75.6,87.3
EMP159,IT,Trained,36,Communication,81.0,65.2,78.0
EMP160,Sales,Trained,30,Productivity,80.0,42.1,53.7
EMP161,Finance,Trained,36,Technical,86.0,64.5,78.3
EMP162,Sales,Trained,12,Communication,97.0,71.9,85.5
EMP163,Sales,Untrained,0,None,0.0,53.2,57.2
EMP164,HR,Trained,4,Technical,83.0,70.8,81.7
EMP165,IT,Untrained,0,None,0.0,70.8,71.2
EMP166,Operations,Trained,4,Technical,60.0,72.8,77.3
EMP167,Finance,Trained,40,Productivity,96.0,71.2,77.9
EMP168,IT,Untrained,0,None,0.0,61.3,63.9
EMP169,IT,Trained,4,Productivity,83.0,83.0,93.1
EMP170,HR,Untrained,0,None,0.0,67.4,68.2
EMP171,Sales,Trained,8,Productivity,74.0,67.7,71.2
EMP172,IT,Untrained,0,None,0.0,61.7,61.9
EMP173,HR,Trained,36,Technical,82.0,64.6,80.1
EMP174,IT,Untrained,0,None,0.0,62.2,66.2
EMP175,Sales,Trained,12,Technical,86.0,66.3,75.1
EMP176,IT,Untrained,0,None,0.0,88.1,79.5
EMP177,Sales,Trained,12,Technical,87.0,54.3,63.3
EMP178,Finance,Trained,24,Technical,74.0,53.9,62.5
EMP179,Operations,Untrained,0,None,0.0,81.7,82.0
EMP180,IT,Trained,12,Communication,82.0,68.9,75.9
EMP181,Finance,Trained,30,Technical,72.0,63.3,78.6
EMP182,IT,Trained,12,Communication,82.0,81.4,93.6
EMP183,Operations,Trained,36,Technical,100.0,60.9,78.9
EMP184,Operations,Trained,16,Technical,94.0,85.3,94.2
EMP185,IT,Trained,4,Leadership,83.0,77.8,85.5
EMP186,Sales,Untrained,0,None,0.0,63.1,59.6
EMP187,Sales,Trained,30,Technical,83.0,89.6,97.9
EMP188,HR,Trained,16,Communication,100.0,62.9,74.9
EMP189,HR,Untrained,0,None,0.0,76.4,79.7
EMP190,IT,Untrained,0,None,0.0,74.0,76.0
EMP191,IT,Trained,4,Technical,95.0,84.0,90.3
EMP192,Operations,Trained,20,Technical,88.0,82.6,93.9
EMP193,Operations,Trained,30,Productivity,84.0,67.3,79.9
EMP194,Sales,Trained,4,Technical,84.0,60.5,67.5
EMP195,Finance,Trained,16,Productivity,85.0,74.6,85.7
EMP196,Finance,Trained,24,Leadership,86.0,63.2,73.5
EMP197,Sales,Trained,8,Productivity,93.0,88.1,98.4
EMP198,Operations,Trained,20,Communication,86.0,68.4,74.3
EMP199,Operations,Untrained,0,None,0.0,63.3,65.0
EMP200,Sales,Untrained,0,None,0.0,69.8,73.5
EMP201,Sales,Trained,24,Communication,87.0,54.5,63.2
EMP202,IT,Trained,16,Leadership,68.0,61.3,67.5
EMP203,IT,Trained,36,Leadership,94.0,83.0,97.2
EMP204,Operations,Untrained,0,None,0.0,60.4,58.8
EMP205,Sales,Trained,36,Productivity,95.0,57.5,72.4
EMP206,IT,Trained,36,Productivity,60.0,76.4,87.3
EMP207,IT,Untrained,0,None,0.0,82.9,80.9
EMP208,Sales,Untrained,0,None,0.0,75.2,74.7
EMP209,IT,Untrained,0,None,0.0,81.0,75.7
EMP210,IT,Untrained,0,None,0.0,63.4,64.7
EMP211,HR,Trained,12,Technical,92.0,54.8,67.7
EMP212,Sales,Trained,16,Technical,77.0,83.0,97.7
EMP213,Sales,Untrained,0,None,0.0,64.8,67.4
EMP214,IT,Untrained,0,None,0.0,68.5,71.9
EMP215,Sales,Trained,16,Technical,84.0,81.3,94.3
EMP216,IT,Trained,36,Technical,88.0,76.6,89.0
EMP217,Finance,Trained,24,Technical,94.0,74.6,80.2
EMP218,Sales,Untrained,0,None,0.0,89.7,87.1
EMP219,Sales,Untrained,0,None,0.0,61.6,64.7
EMP220,Operations,Trained,30,Leadership,89.0,76.3,88.0
EMP221,Sales,Trained,36,Leadership,100.0,68.6,83.6
EMP222,HR,Trained,8,Communication,85.0,71.7,79.6
EMP223,IT,Untrained,0,None,0.0,86.3,88.5
EMP224,Finance,Untrained,0,None,0.0,75.1,71.8
EMP225,IT,Untrained,0,None,0.0,76.4,77.0
EMP226,IT,Trained,16,Technical,97.0,81.7,91.6
EMP227,Operations,Trained,16,Leadership,92.0,63.4,76.4
EMP228,Finance,Trained,20,Productivity,76.0,61.6,73.4
EMP229,Operations,Trained,36,Productivity,100.0,56.6,67.9
EMP230,Sales,Untrained,0,None,0.0,48.3,49.7
EMP231,Sales,Untrained,0,None,0.0,88.6,94.3
EMP232,HR,Untrained,0,None,0.0,58.0,62.4
EMP233,HR,Untrained,0,None,0.0,66.8,68.0
EMP234,HR,Trained,24,Technical,89.0,66.2,84.6
EMP235,IT,Untrained,0,None,0.0,74.1,77.0
EMP236,Sales,Untrained,0,None,0.0,76.2,73.7
EMP237,IT,Untrained,0,None,0.0,79.6,81.4
EMP238,IT,Trained,24,Leadership,90.0,65.2,76.3
EMP239,Sales,Trained,30,Technical,84.0,66.3,81.3
EMP240,IT,Trained,4,Technical,95.0,73.8,76.9
EMP241,Operations,Untrained,0,None,0.0,64.5,66.3
EMP242,Operations,Trained,20,Technical,75.0,83.1,89.0
EMP243,Operations,Trained,16,Communication,91.0,71.9,84.6
EMP244,Finance,Trained,24,Leadership,92.0,77.3,94.5
EMP245,IT,Trained,30,Technical,83.0,77.6,89.0
EMP246,Operations,Trained,40,Productivity,98.0,78.7,91.5
EMP247,Finance,Trained,4,Productivity,85.0,71.8,78.7
EMP248,Operations,Trained,24,Productivity,87.0,54.0,69.9
EMP249,Operations,Trained,30,Productivity,84.0,71.0,79.5
EMP250,Operations,Untrained,0,None,0.0,60.5,64.5
EMP251,IT,Trained,36,Leadership,76.0,65.7,80.5
EMP252,Finance,Untrained,0,None,0.0,75.9,76.3
EMP253,Operations,Trained,40,Communication,100.0,79.4,93.2
EMP254,Finance,Trained,20,Technical,78.0,70.2,83.7
EMP255,IT,Untrained,0,None,0.0,74.1,77.0
EMP256,HR,Trained,16,Technical,67.0,86.0,95.7
EMP257,Operations,Trained,40,Technical,80.0,69.4,80.0
EMP258,Sales,Trained,20,Leadership,74.0,94.0,96.3
EMP259,HR,Untrained,0,None,0.0,74.7,71.1
EMP260,IT,Trained,12,Communication,95.0,53.4,67.9
EMP261,Sales,Untrained,0,None,,75.5,74.5
EMP262,Operations,Trained,40,Productivity,100.0,70.8,87.8
EMP263,IT,Trained,24,Technical,95.0,83.9,100.0
EMP264,HR,Trained,8,Technical,83.0,75.7,87.8
EMP265,Operations,Trained,30,Productivity,64.0,65.6,80.6
EMP266,Sales,Trained,8,Productivity,100.0,55.8,68.0
EMP267,Sales,Trained,8,Productivity,73.0,65.9,72.8
EMP268,Sales,Trained,4,Productivity,71.0,59.5,60.3
EMP269,Finance,Untrained,0,None,0.0,64.2,65.6
EMP270,IT,Trained,24,Communication,100.0,76.9,86.2
EMP271,Sales,Trained,36,Technical,98.0,84.7,100.0
EMP272,Sales,Untrained,0,None,0.0,71.9,72.0
EMP273,Operations,Trained,30,Leadership,91.0,55.0,68.6
EMP274,Operations,Trained,16,Technical,94.0,71.4,84.1
EMP275,HR,Untrained,0,None,0.0,81.0,84.3
EMP276,HR,Untrained,0,None,0.0,62.9,67.2
EMP277,Sales,Trained,36,Technical,87.0,66.7,77.9
EMP278,Sales,Untrained,0,None,0.0,68.1,69.3
EMP279,Sales,Trained,4,Communication,79.0,60.2,64.2
EMP280,Sales,Trained,24,Technical,83.0,74.5,81.7
EMP281,Operations,Trained,8,Productivity,71.0,65.8,70.3
EMP282,Finance,Untrained,0,None,0.0,74.2,78.3
EMP283,Finance,Trained,4,Leadership,77.0,61.1,66.4
EMP284,IT,Trained,30,Communication,76.0,66.6,75.0
EMP285,HR,Trained,4,Productivity,88.0,76.2,78.5
EMP286,IT,Trained,16,Technical,99.0,67.3,78.7
EMP287,Finance,Trained,40,Communication,94.0,87.3,94.7
EMP288,HR,Trained,4,Communication,72.0,65.0,72.9
EMP289,IT,Trained,16,Technical,77.0,73.2,82.6
EMP290,HR,Trained,24,Productivity,94.0,78.3,85.3
EMP291,IT,Trained,24,Communication,77.0,56.8,66.6
EMP292,IT,Trained,36,Communication,84.0,53.4,63.6
EMP293,Operations,Trained,4,Productivity,91.0,51.7,61.0
EMP294,Finance,Trained,30,Productivity,77.0,82.6,97.1
EMP295,IT,Untrained,0,None,0.0,65.5,67.1
EMP296,HR,Trained,30,Productivity,74.0,94.6,100.0
EMP297,Sales,Trained,12,Communication,81.0,62.4,70.1
EMP298,IT,Trained,36,Communication,89.0,72.8,87.0
EMP299,Sales,Trained,12,,72.0,83.4,90.4
EMP300,IT,Trained,4,Communication,90.0,91.1,94.6
